experiment,seed,n,accuracy,macro_f1,invalid_rate,acc_clean,acc_blended,acc_blended_primary_or_secondary,wrong_blended_equals_secondary,acc_alarm_absent,acc_alarm_present,acc_retrieval_hit,acc_retrieval_miss,invalid_truncated,invalid_parse_error,invalid_schema_error,invalid_out_of_taxonomy,invalid_bad_citation,faithfulness,mean_citations,eval_median_latency_ms
gbdt,7,600,0.6333333333333333,0.6301829689689773,0.0,0.7480916030534351,0.6012793176972282,0.7611940298507462,0.40106951871657753,0.4360655737704918,0.8372881355932204,0.7210144927536232,0.558641975308642,0.0,0.0,0.0,0.0,0.0,,,
gbdt,19,600,0.6433333333333333,0.6290336142389366,0.0,0.7153846153846154,0.6234042553191489,0.776595744680851,0.4067796610169492,0.4983164983164983,0.7854785478547854,0.6928838951310862,0.6036036036036037,0.0,0.0,0.0,0.0,0.0,,,
gbdt,41,600,0.635,0.625324373664459,0.0,0.7348484848484849,0.6068376068376068,0.7264957264957265,0.30434782608695654,0.46366782006920415,0.7942122186495176,0.7087378640776699,0.5567010309278351,0.0,0.0,0.0,0.0,0.0,,,
knn_vote__full__k5,7,600,0.175,0.16715459812719946,0.0,0.16030534351145037,0.1791044776119403,0.22174840085287847,0.05194805194805195,0.05901639344262295,0.29491525423728815,0.3804347826086957,0.0,0.0,0.0,0.0,0.0,0.0,,,
knn_vote__full__k5,19,600,0.16833333333333333,0.16392927124427578,0.0,0.2230769230769231,0.15319148936170213,0.21914893617021278,0.07788944723618091,0.05387205387205387,0.28052805280528054,0.3782771535580524,0.0,0.0,0.0,0.0,0.0,0.0,,,
knn_vote__full__k5,41,600,0.19166666666666668,0.185619207716613,0.0,0.20454545454545456,0.18803418803418803,0.25427350427350426,0.08157894736842106,0.04844290657439446,0.3247588424437299,0.37216828478964403,0.0,0.0,0.0,0.0,0.0,0.0,,,
knn_vote__generic_remediation__k5,7,600,0.165,0.16202341395521663,0.0,0.16030534351145037,0.16631130063965885,0.21961620469083157,0.0639386189258312,0.06885245901639345,0.26440677966101694,0.358695652173913,0.0,0.0,0.0,0.0,0.0,0.0,,,
knn_vote__generic_remediation__k5,19,600,0.14833333333333334,0.1465071617545699,0.0,0.2230769230769231,0.1276595744680851,0.19361702127659575,0.07560975609756097,0.06397306397306397,0.23102310231023102,0.3333333333333333,0.0,0.0,0.0,0.0,0.0,0.0,,,
knn_vote__generic_remediation__k5,41,600,0.175,0.17158963964065194,0.0,0.16666666666666666,0.17735042735042736,0.25,0.08831168831168831,0.05536332179930796,0.2861736334405145,0.33980582524271846,0.0,0.0,0.0,0.0,0.0,0.0,,,
knn_vote__no_remediation__k5,7,600,0.16166666666666665,0.1582507274467096,0.0,0.15267175572519084,0.16417910447761194,0.21748400852878466,0.06377551020408163,0.06885245901639345,0.2576271186440678,0.35144927536231885,0.0,0.0,0.0,0.0,0.0,0.0,,,
knn_vote__no_remediation__k5,19,600,0.14833333333333334,0.14561050932878222,0.0,0.2076923076923077,0.13191489361702127,0.20851063829787234,0.08823529411764706,0.06060606060606061,0.23432343234323433,0.3333333333333333,0.0,0.0,0.0,0.0,0.0,0.0,,,
knn_vote__no_remediation__k5,41,600,0.17166666666666666,0.1681579203493122,0.0,0.16666666666666666,0.17307692307692307,0.24145299145299146,0.082687338501292,0.05536332179930796,0.2797427652733119,0.3333333333333333,0.0,0.0,0.0,0.0,0.0,0.0,,,
llm__qwen2.5-1.5b-q4__rag__full__k5,7,600,0.10333333333333333,0.05906361465671914,0.0,0.15267175572519084,0.08955223880597014,0.13646055437100213,0.05152224824355972,0.06885245901639345,0.13898305084745763,0.13768115942028986,0.07407407407407407,0.0,0.0,0.0,0.0,0.0,0.84,1.55,1486.8310795009165
llm__qwen2.5-1.5b-q4__rag__full__k5,19,600,0.10333333333333333,0.056049725366072146,0.0,0.09230769230769231,0.10638297872340426,0.15319148936170213,0.05238095238095238,0.05723905723905724,0.1485148514851485,0.10861423220973783,0.0990990990990991,0.0,0.0,0.0,0.0,0.0,0.8516666666666667,1.5333333333333334,1480.2852349994282
llm__qwen2.5-1.5b-q4__rag__full__k5,41,600,0.11833333333333333,0.07660623511136483,0.0,0.11363636363636363,0.11965811965811966,0.1752136752136752,0.06310679611650485,0.08304498269896193,0.15112540192926044,0.14563106796116504,0.08934707903780069,0.0,0.0,0.0,0.0,0.0,0.8483333333333334,1.6883333333333332,1510.0769214996035
llm__qwen2.5-1.5b-q4__zs,7,600,0.11333333333333333,0.08518476347146921,0.0,0.16793893129770993,0.09808102345415778,0.14925373134328357,0.05673758865248227,0.03934426229508197,0.18983050847457628,0.14855072463768115,0.08333333333333333,0.0,0.0,0.0,0.0,0.0,0.0,0.0,1068.4480729996721
llm__qwen2.5-1.5b-q4__zs,19,600,0.12166666666666667,0.09195661762271518,0.0,0.13846153846153847,0.11702127659574468,0.16382978723404254,0.05301204819277108,0.037037037037037035,0.20462046204620463,0.15730337078651685,0.09309309309309309,0.0,0.0,0.0,0.0,0.0,0.0,0.0,1071.1434599998029
llm__qwen2.5-1.5b-q4__zs,41,600,0.135,0.10851612257998017,0.0,0.1590909090909091,0.1282051282051282,0.18803418803418803,0.06862745098039216,0.06228373702422145,0.20257234726688103,0.16828478964401294,0.09965635738831616,0.0,0.0,0.0,0.0,0.0,0.0,0.0,1080.324768000537
llm__qwen2.5-1.5b-q8__rag__full__k5,7,600,0.06833333333333333,0.03051988399319163,0.0,0.11450381679389313,0.05543710021321962,0.11940298507462686,0.06772009029345373,0.05573770491803279,0.08135593220338982,0.09057971014492754,0.04938271604938271,0.0,0.0,0.0,0.0,0.0,0.75,1.3633333333333333,1690.1801735002664
llm__qwen2.5-1.5b-q8__rag__full__k5,19,600,0.08333333333333333,0.05300030868260555,0.0,0.09230769230769231,0.08085106382978724,0.1276595744680851,0.05092592592592592,0.04377104377104377,0.12211221122112212,0.10861423220973783,0.06306306306306306,0.0,0.0,0.0,0.0,0.0,0.7516666666666667,1.36,1661.880066001686
llm__qwen2.5-1.5b-q8__rag__full__k5,41,600,0.09666666666666666,0.06368103293461774,0.0,0.12121212121212122,0.08974358974358974,0.1346153846153846,0.04929577464788732,0.0726643598615917,0.1189710610932476,0.12297734627831715,0.06872852233676977,0.0,0.0,0.0,0.0,0.0,0.7016666666666667,1.425,1676.4527564992022
llm__qwen2.5-1.5b-q8__zs,7,600,0.1,0.06360094993403571,0.0,0.16793893129770993,0.08102345415778252,0.1257995735607676,0.048723897911832945,0.04262295081967213,0.15932203389830507,0.12318840579710146,0.08024691358024691,0.0,0.0,0.0,0.0,0.0,0.0,0.0,1173.17293150154
llm__qwen2.5-1.5b-q8__zs,19,600,0.11166666666666666,0.07140677951653768,0.0,0.13076923076923078,0.10638297872340426,0.15319148936170213,0.05238095238095238,0.050505050505050504,0.1716171617161716,0.14606741573033707,0.08408408408408409,0.0,0.0,0.0,0.0,0.0,0.0,0.0,1202.100150499973
llm__qwen2.5-1.5b-q8__zs,41,600,0.135,0.08851138459749026,0.0,0.17424242424242425,0.12393162393162394,0.18803418803418803,0.07317073170731707,0.08650519031141868,0.18006430868167203,0.1650485436893204,0.10309278350515463,0.0,0.0,0.0,0.0,0.0,0.0,0.0,1200.7207144997665
llm__qwen2.5-3b-q4__rag__full__k1,7,600,0.19166666666666668,0.1807748477371702,0.0,0.21374045801526717,0.18550106609808104,0.24093816631130063,0.06806282722513089,0.04918032786885246,0.3389830508474576,0.30434782608695654,0.09567901234567901,0.0,0.0,0.0,0.0,0.0,0.9933333333333333,1.1633333333333333,2144.3494530012686
llm__qwen2.5-3b-q4__rag__full__k1,19,600,0.21,0.20283654939668538,0.0,0.23846153846153847,0.20212765957446807,0.26595744680851063,0.08,0.04377104377104377,0.37293729372937295,0.36329588014981273,0.08708708708708708,0.0,0.0,0.0,0.0,0.0,0.9666666666666667,1.1316666666666666,2156.677838998803
llm__qwen2.5-3b-q4__rag__full__k1,41,600,0.21333333333333335,0.1950613614506962,0.0,0.21212121212121213,0.21367521367521367,0.2670940170940171,0.06793478260869565,0.04152249134948097,0.3729903536977492,0.313915857605178,0.10652920962199312,0.0,0.0,0.0,0.0,0.0,0.9866666666666667,1.135,2160.8900899991568
llm__qwen2.5-3b-q4__rag__full__k3,7,600,0.20166666666666666,0.1840665563008529,0.0,0.25190839694656486,0.18763326226012794,0.24946695095948826,0.07611548556430446,0.06557377049180328,0.3423728813559322,0.3333333333333333,0.08950617283950617,0.0,0.0,0.0,0.0,0.0,0.965,1.5,2423.4718495008565
llm__qwen2.5-3b-q4__rag__full__k3,19,600,0.19666666666666666,0.18343038694741257,0.0,0.2076923076923077,0.19361702127659575,0.2765957446808511,0.10290237467018469,0.050505050505050504,0.33993399339933994,0.2958801498127341,0.11711711711711711,0.0,0.0,0.0,0.0,0.0,0.9766666666666667,1.485,2416.937006999433
llm__qwen2.5-3b-q4__rag__full__k3,41,600,0.19833333333333333,0.17598075461200624,0.0,0.22727272727272727,0.19017094017094016,0.2606837606837607,0.0870712401055409,0.04498269896193772,0.3408360128617363,0.3106796116504854,0.07903780068728522,0.0,0.0,0.0,0.0,0.0,0.96,1.56,2483.835959501448
llm__qwen2.5-3b-q4__rag__full__k5,7,600,0.19833333333333333,0.18544322296635612,0.0,0.2595419847328244,0.1812366737739872,0.23880597014925373,0.0703125,0.06885245901639345,0.33220338983050846,0.3079710144927536,0.10493827160493827,0.0,0.0,0.0,0.0,0.0,0.97,1.6,2590.626001000146
llm__qwen2.5-3b-q4__rag__full__k5,19,600,0.18666666666666668,0.1724934694304126,0.0,0.2076923076923077,0.18085106382978725,0.2553191489361702,0.09090909090909091,0.050505050505050504,0.3201320132013201,0.30337078651685395,0.09309309309309309,0.0,0.0,0.0,0.0,0.0,0.9833333333333333,1.5883333333333334,2604.2488825003147
llm__qwen2.5-3b-q4__rag__full__k5,41,600,0.18,0.1639244263338548,0.0,0.1893939393939394,0.17735042735042736,0.25213675213675213,0.09090909090909091,0.03460207612456748,0.31511254019292606,0.2783171521035599,0.07560137457044673,0.0,0.0,0.0,0.0,0.0,0.97,1.765,2638.8044114996774
llm__qwen2.5-3b-q4__rag__generic_remediation__k5,7,600,0.17333333333333334,0.16514763649461256,0.0,0.21374045801526717,0.16204690831556504,0.21961620469083157,0.06870229007633588,0.05573770491803279,0.29491525423728815,0.2427536231884058,0.11419753086419752,0.0,0.0,0.0,0.0,0.0,0.935,2.205,2797.7611594997143
llm__qwen2.5-3b-q4__rag__generic_remediation__k5,19,600,0.18166666666666667,0.157662019906185,0.0,0.17692307692307693,0.1829787234042553,0.2404255319148936,0.0703125,0.05387205387205387,0.3069306930693069,0.2546816479400749,0.12312312312312312,0.0,0.0,0.0,0.0,0.0,0.9433333333333334,2.175,2802.0019864998176
llm__qwen2.5-3b-q4__rag__generic_remediation__k5,41,600,0.15833333333333333,0.13888921729394793,0.0,0.18181818181818182,0.1517094017094017,0.2222222222222222,0.08312342569269521,0.0657439446366782,0.24437299035369775,0.19741100323624594,0.11683848797250859,0.0,0.0,0.0,0.0,0.0,0.9316666666666666,2.2983333333333333,2836.3942995001707
llm__qwen2.5-3b-q4__rag__no_remediation__k5,7,600,0.15833333333333333,0.14731337850030074,0.0,0.1984732824427481,0.14712153518123666,0.20042643923240938,0.0625,0.04918032786885246,0.2711864406779661,0.2391304347826087,0.08950617283950617,0.0,0.0,0.0,0.0,0.0,0.955,2.385,2692.7901669996572
llm__qwen2.5-3b-q4__rag__no_remediation__k5,19,600,0.175,0.15661804656995304,0.0,0.2,0.16808510638297872,0.2425531914893617,0.08951406649616368,0.06397306397306397,0.2838283828382838,0.24719101123595505,0.11711711711711711,0.0,0.0,0.0,0.0,0.0,0.9633333333333334,2.2866666666666666,2680.085543000132
llm__qwen2.5-3b-q4__rag__no_remediation__k5,41,600,0.16,0.14029280229856508,0.0,0.15151515151515152,0.1623931623931624,0.23076923076923078,0.08163265306122448,0.058823529411764705,0.2540192926045016,0.21035598705501618,0.10652920962199312,0.0,0.0,0.0,0.0,0.0,0.9633333333333334,2.5166666666666666,2712.0562674999746
llm__qwen2.5-3b-q4__zs,7,600,0.17833333333333334,0.1651686444682478,0.0,0.22137404580152673,0.16631130063965885,0.23880597014925373,0.08695652173913043,0.04590163934426229,0.3152542372881356,0.2463768115942029,0.12037037037037036,0.0,0.0,0.0,0.0,0.0,0.0,0.0,1820.033206000062
llm__qwen2.5-3b-q4__zs,19,600,0.19166666666666668,0.16489801859651815,0.0,0.2076923076923077,0.18723404255319148,0.26595744680851063,0.0968586387434555,0.04713804713804714,0.3333333333333333,0.250936329588015,0.14414414414414414,0.0,0.0,0.0,0.0,0.0,0.0,0.0,1824.1104435001034
llm__qwen2.5-3b-q4__zs,41,600,0.195,0.16571017405228797,0.0,0.1893939393939394,0.19658119658119658,0.25854700854700857,0.07712765957446809,0.06920415224913495,0.31189710610932475,0.2459546925566343,0.140893470790378,0.0,0.0,0.0,0.0,0.0,0.0,0.0,1836.6228159998172
llm__qwen2.5-3b-q8__rag__full__k5,7,600,0.16666666666666666,0.14178063073796837,0.0,0.22137404580152673,0.1513859275053305,0.21535181236673773,0.07537688442211055,0.06557377049180328,0.2711864406779661,0.26811594202898553,0.08024691358024691,0.0,0.0,0.0,0.0,0.0,0.9266666666666666,1.9266666666666667,3097.3755270006222
llm__qwen2.5-3b-q8__rag__full__k5,19,600,0.16166666666666665,0.14754705878689134,0.0,0.17692307692307693,0.1574468085106383,0.251063829787234,0.1111111111111111,0.030303030303030304,0.29042904290429045,0.2247191011235955,0.1111111111111111,0.0,0.0,0.0,0.0,0.0,0.9083333333333333,1.9366666666666668,3093.16519299864
llm__qwen2.5-3b-q8__rag__full__k5,41,600,0.175,0.145753350324604,0.0,0.15151515151515152,0.18162393162393162,0.2564102564102564,0.09138381201044386,0.04152249134948097,0.2990353697749196,0.2459546925566343,0.09965635738831616,0.0,0.0,0.0,0.0,0.0,0.9016666666666666,1.975,3098.9827860012156
llm__qwen2.5-3b-q8__zs,7,600,0.15833333333333333,0.14500470485080058,0.0,0.16793893129770993,0.15565031982942432,0.21748400852878466,0.07323232323232323,0.06229508196721312,0.2576271186440678,0.21014492753623187,0.11419753086419752,0.0,0.0,0.0,0.0,0.0,0.0,0.0,2362.344258500343
llm__qwen2.5-3b-q8__zs,19,600,0.17833333333333334,0.15816828476652783,0.0,0.18461538461538463,0.17659574468085107,0.2425531914893617,0.08010335917312661,0.04713804713804714,0.3069306930693069,0.20599250936329588,0.15615615615615616,0.0,0.0,0.0,0.0,0.0,0.0,0.0,2380.7549610000933
llm__qwen2.5-3b-q8__zs,41,600,0.18333333333333332,0.16443828222365803,0.0,0.14393939393939395,0.19444444444444445,0.25854700854700857,0.07957559681697612,0.06228373702422145,0.2958199356913183,0.24271844660194175,0.12027491408934708,0.0,0.0,0.0,0.0,0.0,0.0,0.0,2376.3058624990663
random_forest,7,600,0.575,0.5588979184701667,0.0,0.7633587786259542,0.5223880597014925,0.7633262260127932,0.5044642857142857,0.4459016393442623,0.7084745762711865,0.6268115942028986,0.5308641975308642,0.0,0.0,0.0,0.0,0.0,,,
random_forest,19,600,0.5683333333333334,0.5487203890840575,0.0,0.7153846153846154,0.5276595744680851,0.7595744680851064,0.49099099099099097,0.4882154882154882,0.6468646864686468,0.6067415730337079,0.5375375375375375,0.0,0.0,0.0,0.0,0.0,,,
random_forest,41,600,0.5766666666666667,0.5588460931841089,0.0,0.7272727272727273,0.5341880341880342,0.7371794871794872,0.43577981651376146,0.46366782006920415,0.6816720257234726,0.6116504854368932,0.5395189003436426,0.0,0.0,0.0,0.0,0.0,,,
rule,7,600,0.31,0.30226688624343856,0.0,0.3282442748091603,0.3049040511727079,0.34328358208955223,0.05521472392638037,0.006557377049180328,0.6237288135593221,0.44565217391304346,0.19444444444444445,0.0,0.0,0.0,0.0,0.0,,,
rule,19,600,0.315,0.3049007267623267,0.0,0.2846153846153846,0.32340425531914896,0.3638297872340426,0.059748427672955975,0.013468013468013467,0.6105610561056105,0.45692883895131087,0.2012012012012012,0.0,0.0,0.0,0.0,0.0,,,
rule,41,600,0.3433333333333333,0.3293867726800799,0.0,0.3409090909090909,0.344017094017094,0.38675213675213677,0.06514657980456026,0.020761245674740483,0.6430868167202572,0.49514563106796117,0.18213058419243985,0.0,0.0,0.0,0.0,0.0,,,
