experiment,seed,class,f1
gbdt,7,PCI_COLLISION,0.8235294117647058
gbdt,7,BACKHAUL_CONGESTION,0.7407407407407407
gbdt,7,HARDWARE_DEGRADATION,0.25
gbdt,7,INTERFERENCE_SPIKE,0.6582278481012658
gbdt,7,NEIGHBOR_LIST_MISCONFIG,0.6779661016949152
gbdt,7,VNF_CPU_EXHAUSTION,0.7792207792207793
gbdt,7,HANDOVER_PARAM_MISCONFIG,0.647887323943662
gbdt,7,POWER_AMPLIFIER_FAULT,0.44155844155844154
gbdt,7,TIMING_SYNC_LOSS,0.47619047619047616
gbdt,7,OVERLOAD_ADMISSION_CONTROL,0.759493670886076
gbdt,7,S1_NG_INTERFACE_FLAP,0.5
gbdt,7,DNS_RESOLUTION_FAILURE,0.7058823529411765
gbdt,7,SLICE_QOS_POLICY_ERROR,0.7469879518072289
gbdt,7,FRONTHAUL_JITTER,0.7435897435897436
gbdt,7,CONFIG_ROLLBACK_REQUIRED,0.4411764705882353
gbdt,7,COOLING_SYSTEM_FAILURE,0.6904761904761905
gbdt,19,PCI_COLLISION,0.7246376811594203
gbdt,19,BACKHAUL_CONGESTION,0.8470588235294118
gbdt,19,HARDWARE_DEGRADATION,0.4533333333333333
gbdt,19,INTERFERENCE_SPIKE,0.6388888888888888
gbdt,19,NEIGHBOR_LIST_MISCONFIG,0.65625
gbdt,19,VNF_CPU_EXHAUSTION,0.7916666666666666
gbdt,19,HANDOVER_PARAM_MISCONFIG,0.647887323943662
gbdt,19,POWER_AMPLIFIER_FAULT,0.4
gbdt,19,TIMING_SYNC_LOSS,0.46875
gbdt,19,OVERLOAD_ADMISSION_CONTROL,0.6732673267326733
gbdt,19,S1_NG_INTERFACE_FLAP,0.5074626865671642
gbdt,19,DNS_RESOLUTION_FAILURE,0.725
gbdt,19,SLICE_QOS_POLICY_ERROR,0.7160493827160493
gbdt,19,FRONTHAUL_JITTER,0.6
gbdt,19,CONFIG_ROLLBACK_REQUIRED,0.5142857142857142
gbdt,19,COOLING_SYSTEM_FAILURE,0.7
gbdt,41,PCI_COLLISION,0.7671232876712328
gbdt,41,BACKHAUL_CONGESTION,0.7755102040816326
gbdt,41,HARDWARE_DEGRADATION,0.38095238095238093
gbdt,41,INTERFERENCE_SPIKE,0.7692307692307693
gbdt,41,NEIGHBOR_LIST_MISCONFIG,0.5901639344262295
gbdt,41,VNF_CPU_EXHAUSTION,0.6285714285714286
gbdt,41,HANDOVER_PARAM_MISCONFIG,0.6268656716417911
gbdt,41,POWER_AMPLIFIER_FAULT,0.6582278481012658
gbdt,41,TIMING_SYNC_LOSS,0.45569620253164556
gbdt,41,OVERLOAD_ADMISSION_CONTROL,0.7012987012987013
gbdt,41,S1_NG_INTERFACE_FLAP,0.5853658536585366
gbdt,41,DNS_RESOLUTION_FAILURE,0.7088607594936709
gbdt,41,SLICE_QOS_POLICY_ERROR,0.6666666666666666
gbdt,41,FRONTHAUL_JITTER,0.691358024691358
gbdt,41,CONFIG_ROLLBACK_REQUIRED,0.6133333333333333
gbdt,41,COOLING_SYSTEM_FAILURE,0.38596491228070173
knn_vote__full__k5,7,PCI_COLLISION,0.12658227848101267
knn_vote__full__k5,7,BACKHAUL_CONGESTION,0.15873015873015872
knn_vote__full__k5,7,HARDWARE_DEGRADATION,0.11764705882352941
knn_vote__full__k5,7,INTERFERENCE_SPIKE,0.24096385542168675
knn_vote__full__k5,7,NEIGHBOR_LIST_MISCONFIG,0.136986301369863
knn_vote__full__k5,7,VNF_CPU_EXHAUSTION,0.2318840579710145
knn_vote__full__k5,7,HANDOVER_PARAM_MISCONFIG,0.11940298507462686
knn_vote__full__k5,7,POWER_AMPLIFIER_FAULT,0.23076923076923078
knn_vote__full__k5,7,TIMING_SYNC_LOSS,0.08695652173913043
knn_vote__full__k5,7,OVERLOAD_ADMISSION_CONTROL,0.12903225806451613
knn_vote__full__k5,7,S1_NG_INTERFACE_FLAP,0.06666666666666667
knn_vote__full__k5,7,DNS_RESOLUTION_FAILURE,0.16494845360824742
knn_vote__full__k5,7,SLICE_QOS_POLICY_ERROR,0.4
knn_vote__full__k5,7,FRONTHAUL_JITTER,0.25
knn_vote__full__k5,7,CONFIG_ROLLBACK_REQUIRED,0.07272727272727272
knn_vote__full__k5,7,COOLING_SYSTEM_FAILURE,0.1411764705882353
knn_vote__full__k5,19,PCI_COLLISION,0.13333333333333333
knn_vote__full__k5,19,BACKHAUL_CONGESTION,0.05970149253731343
knn_vote__full__k5,19,HARDWARE_DEGRADATION,0.05128205128205128
knn_vote__full__k5,19,INTERFERENCE_SPIKE,0.2222222222222222
knn_vote__full__k5,19,NEIGHBOR_LIST_MISCONFIG,0.05333333333333334
knn_vote__full__k5,19,VNF_CPU_EXHAUSTION,0.14285714285714285
knn_vote__full__k5,19,HANDOVER_PARAM_MISCONFIG,0.17777777777777778
knn_vote__full__k5,19,POWER_AMPLIFIER_FAULT,0.15384615384615385
knn_vote__full__k5,19,TIMING_SYNC_LOSS,0.13953488372093023
knn_vote__full__k5,19,OVERLOAD_ADMISSION_CONTROL,0.2894736842105263
knn_vote__full__k5,19,S1_NG_INTERFACE_FLAP,0.16901408450704225
knn_vote__full__k5,19,DNS_RESOLUTION_FAILURE,0.3076923076923077
knn_vote__full__k5,19,SLICE_QOS_POLICY_ERROR,0.1951219512195122
knn_vote__full__k5,19,FRONTHAUL_JITTER,0.1951219512195122
knn_vote__full__k5,19,CONFIG_ROLLBACK_REQUIRED,0.23880597014925373
knn_vote__full__k5,19,COOLING_SYSTEM_FAILURE,0.09375
knn_vote__full__k5,41,PCI_COLLISION,0.07894736842105263
knn_vote__full__k5,41,BACKHAUL_CONGESTION,0.15584415584415584
knn_vote__full__k5,41,HARDWARE_DEGRADATION,0.2
knn_vote__full__k5,41,INTERFERENCE_SPIKE,0.125
knn_vote__full__k5,41,NEIGHBOR_LIST_MISCONFIG,0.1038961038961039
knn_vote__full__k5,41,VNF_CPU_EXHAUSTION,0.14285714285714285
knn_vote__full__k5,41,HANDOVER_PARAM_MISCONFIG,0.1643835616438356
knn_vote__full__k5,41,POWER_AMPLIFIER_FAULT,0.18181818181818182
knn_vote__full__k5,41,TIMING_SYNC_LOSS,0.23529411764705882
knn_vote__full__k5,41,OVERLOAD_ADMISSION_CONTROL,0.23333333333333334
knn_vote__full__k5,41,S1_NG_INTERFACE_FLAP,0.2962962962962963
knn_vote__full__k5,41,DNS_RESOLUTION_FAILURE,0.23529411764705882
knn_vote__full__k5,41,SLICE_QOS_POLICY_ERROR,0.3516483516483517
knn_vote__full__k5,41,FRONTHAUL_JITTER,0.2619047619047619
knn_vote__full__k5,41,CONFIG_ROLLBACK_REQUIRED,0.13559322033898305
knn_vote__full__k5,41,COOLING_SYSTEM_FAILURE,0.06779661016949153
knn_vote__generic_remediation__k5,7,PCI_COLLISION,0.1518987341772152
knn_vote__generic_remediation__k5,7,BACKHAUL_CONGESTION,0.15625
knn_vote__generic_remediation__k5,7,HARDWARE_DEGRADATION,0.12371134020618557
knn_vote__generic_remediation__k5,7,INTERFERENCE_SPIKE,0.1927710843373494
knn_vote__generic_remediation__k5,7,NEIGHBOR_LIST_MISCONFIG,0.13793103448275862
knn_vote__generic_remediation__k5,7,VNF_CPU_EXHAUSTION,0.18461538461538463
knn_vote__generic_remediation__k5,7,HANDOVER_PARAM_MISCONFIG,0.136986301369863
knn_vote__generic_remediation__k5,7,POWER_AMPLIFIER_FAULT,0.20512820512820512
knn_vote__generic_remediation__k5,7,TIMING_SYNC_LOSS,0.08450704225352113
knn_vote__generic_remediation__k5,7,OVERLOAD_ADMISSION_CONTROL,0.08823529411764706
knn_vote__generic_remediation__k5,7,S1_NG_INTERFACE_FLAP,0.08955223880597014
knn_vote__generic_remediation__k5,7,DNS_RESOLUTION_FAILURE,0.1590909090909091
knn_vote__generic_remediation__k5,7,SLICE_QOS_POLICY_ERROR,0.34782608695652173
knn_vote__generic_remediation__k5,7,FRONTHAUL_JITTER,0.25
knn_vote__generic_remediation__k5,7,CONFIG_ROLLBACK_REQUIRED,0.13333333333333333
knn_vote__generic_remediation__k5,7,COOLING_SYSTEM_FAILURE,0.15053763440860216
knn_vote__generic_remediation__k5,19,PCI_COLLISION,0.1016949152542373
knn_vote__generic_remediation__k5,19,BACKHAUL_CONGESTION,0.06349206349206349
knn_vote__generic_remediation__k5,19,HARDWARE_DEGRADATION,0.10752688172043011
knn_vote__generic_remediation__k5,19,INTERFERENCE_SPIKE,0.1875
knn_vote__generic_remediation__k5,19,NEIGHBOR_LIST_MISCONFIG,0.030303030303030304
knn_vote__generic_remediation__k5,19,VNF_CPU_EXHAUSTION,0.14814814814814814
knn_vote__generic_remediation__k5,19,HANDOVER_PARAM_MISCONFIG,0.14736842105263157
knn_vote__generic_remediation__k5,19,POWER_AMPLIFIER_FAULT,0.15873015873015872
knn_vote__generic_remediation__k5,19,TIMING_SYNC_LOSS,0.09876543209876543
knn_vote__generic_remediation__k5,19,OVERLOAD_ADMISSION_CONTROL,0.3013698630136986
knn_vote__generic_remediation__k5,19,S1_NG_INTERFACE_FLAP,0.13793103448275862
knn_vote__generic_remediation__k5,19,DNS_RESOLUTION_FAILURE,0.26666666666666666
knn_vote__generic_remediation__k5,19,SLICE_QOS_POLICY_ERROR,0.07894736842105263
knn_vote__generic_remediation__k5,19,FRONTHAUL_JITTER,0.1643835616438356
knn_vote__generic_remediation__k5,19,CONFIG_ROLLBACK_REQUIRED,0.2318840579710145
knn_vote__generic_remediation__k5,19,COOLING_SYSTEM_FAILURE,0.11940298507462686
knn_vote__generic_remediation__k5,41,PCI_COLLISION,0.05333333333333334
knn_vote__generic_remediation__k5,41,BACKHAUL_CONGESTION,0.18666666666666668
knn_vote__generic_remediation__k5,41,HARDWARE_DEGRADATION,0.1839080459770115
knn_vote__generic_remediation__k5,41,INTERFERENCE_SPIKE,0.11764705882352941
knn_vote__generic_remediation__k5,41,NEIGHBOR_LIST_MISCONFIG,0.1111111111111111
knn_vote__generic_remediation__k5,41,VNF_CPU_EXHAUSTION,0.13559322033898305
knn_vote__generic_remediation__k5,41,HANDOVER_PARAM_MISCONFIG,0.15584415584415584
knn_vote__generic_remediation__k5,41,POWER_AMPLIFIER_FAULT,0.12048192771084337
knn_vote__generic_remediation__k5,41,TIMING_SYNC_LOSS,0.17721518987341772
knn_vote__generic_remediation__k5,41,OVERLOAD_ADMISSION_CONTROL,0.2727272727272727
knn_vote__generic_remediation__k5,41,S1_NG_INTERFACE_FLAP,0.29213483146067415
knn_vote__generic_remediation__k5,41,DNS_RESOLUTION_FAILURE,0.18666666666666668
knn_vote__generic_remediation__k5,41,SLICE_QOS_POLICY_ERROR,0.30434782608695654
knn_vote__generic_remediation__k5,41,FRONTHAUL_JITTER,0.31746031746031744
knn_vote__generic_remediation__k5,41,CONFIG_ROLLBACK_REQUIRED,0.0625
knn_vote__generic_remediation__k5,41,COOLING_SYSTEM_FAILURE,0.06779661016949153
knn_vote__no_remediation__k5,7,PCI_COLLISION,0.1282051282051282
knn_vote__no_remediation__k5,7,BACKHAUL_CONGESTION,0.12121212121212122
knn_vote__no_remediation__k5,7,HARDWARE_DEGRADATION,0.14893617021276595
knn_vote__no_remediation__k5,7,INTERFERENCE_SPIKE,0.1927710843373494
knn_vote__no_remediation__k5,7,NEIGHBOR_LIST_MISCONFIG,0.13559322033898305
knn_vote__no_remediation__k5,7,VNF_CPU_EXHAUSTION,0.1791044776119403
knn_vote__no_remediation__k5,7,HANDOVER_PARAM_MISCONFIG,0.13513513513513514
knn_vote__no_remediation__k5,7,POWER_AMPLIFIER_FAULT,0.20253164556962025
knn_vote__no_remediation__k5,7,TIMING_SYNC_LOSS,0.08450704225352113
knn_vote__no_remediation__k5,7,OVERLOAD_ADMISSION_CONTROL,0.08695652173913043
knn_vote__no_remediation__k5,7,S1_NG_INTERFACE_FLAP,0.11940298507462686
knn_vote__no_remediation__k5,7,DNS_RESOLUTION_FAILURE,0.13793103448275862
knn_vote__no_remediation__k5,7,SLICE_QOS_POLICY_ERROR,0.34408602150537637
knn_vote__no_remediation__k5,7,FRONTHAUL_JITTER,0.22950819672131148
knn_vote__no_remediation__k5,7,CONFIG_ROLLBACK_REQUIRED,0.13559322033898305
knn_vote__no_remediation__k5,7,COOLING_SYSTEM_FAILURE,0.15053763440860216
knn_vote__no_remediation__k5,19,PCI_COLLISION,0.10714285714285714
knn_vote__no_remediation__k5,19,BACKHAUL_CONGESTION,0.06349206349206349
knn_vote__no_remediation__k5,19,HARDWARE_DEGRADATION,0.10416666666666667
knn_vote__no_remediation__k5,19,INTERFERENCE_SPIKE,0.18461538461538463
knn_vote__no_remediation__k5,19,NEIGHBOR_LIST_MISCONFIG,0.029411764705882353
knn_vote__no_remediation__k5,19,VNF_CPU_EXHAUSTION,0.14814814814814814
knn_vote__no_remediation__k5,19,HANDOVER_PARAM_MISCONFIG,0.14432989690721648
knn_vote__no_remediation__k5,19,POWER_AMPLIFIER_FAULT,0.16393442622950818
knn_vote__no_remediation__k5,19,TIMING_SYNC_LOSS,0.0759493670886076
knn_vote__no_remediation__k5,19,OVERLOAD_ADMISSION_CONTROL,0.2777777777777778
knn_vote__no_remediation__k5,19,S1_NG_INTERFACE_FLAP,0.13953488372093023
knn_vote__no_remediation__k5,19,DNS_RESOLUTION_FAILURE,0.2978723404255319
knn_vote__no_remediation__k5,19,SLICE_QOS_POLICY_ERROR,0.08571428571428572
knn_vote__no_remediation__k5,19,FRONTHAUL_JITTER,0.15789473684210525
knn_vote__no_remediation__k5,19,CONFIG_ROLLBACK_REQUIRED,0.22857142857142856
knn_vote__no_remediation__k5,19,COOLING_SYSTEM_FAILURE,0.12121212121212122
knn_vote__no_remediation__k5,41,PCI_COLLISION,0.05128205128205128
knn_vote__no_remediation__k5,41,BACKHAUL_CONGESTION,0.16
knn_vote__no_remediation__k5,41,HARDWARE_DEGRADATION,0.1839080459770115
knn_vote__no_remediation__k5,41,INTERFERENCE_SPIKE,0.11764705882352941
knn_vote__no_remediation__k5,41,NEIGHBOR_LIST_MISCONFIG,0.10810810810810811
knn_vote__no_remediation__k5,41,VNF_CPU_EXHAUSTION,0.13793103448275862
knn_vote__no_remediation__k5,41,HANDOVER_PARAM_MISCONFIG,0.15584415584415584
knn_vote__no_remediation__k5,41,POWER_AMPLIFIER_FAULT,0.14814814814814814
knn_vote__no_remediation__k5,41,TIMING_SYNC_LOSS,0.19753086419753085
knn_vote__no_remediation__k5,41,OVERLOAD_ADMISSION_CONTROL,0.24615384615384617
knn_vote__no_remediation__k5,41,S1_NG_INTERFACE_FLAP,0.29545454545454547
knn_vote__no_remediation__k5,41,DNS_RESOLUTION_FAILURE,0.16
knn_vote__no_remediation__k5,41,SLICE_QOS_POLICY_ERROR,0.3076923076923077
knn_vote__no_remediation__k5,41,FRONTHAUL_JITTER,0.2903225806451613
knn_vote__no_remediation__k5,41,CONFIG_ROLLBACK_REQUIRED,0.06153846153846154
knn_vote__no_remediation__k5,41,COOLING_SYSTEM_FAILURE,0.06896551724137931
random_forest,7,PCI_COLLISION,0.7761194029850746
random_forest,7,BACKHAUL_CONGESTION,0.7073170731707317
random_forest,7,HARDWARE_DEGRADATION,0.2807017543859649
random_forest,7,INTERFERENCE_SPIKE,0.6170212765957447
random_forest,7,NEIGHBOR_LIST_MISCONFIG,0.5614035087719298
random_forest,7,VNF_CPU_EXHAUSTION,0.6666666666666666
random_forest,7,HANDOVER_PARAM_MISCONFIG,0.4375
random_forest,7,POWER_AMPLIFIER_FAULT,0.3561643835616438
random_forest,7,TIMING_SYNC_LOSS,0.4074074074074074
random_forest,7,OVERLOAD_ADMISSION_CONTROL,0.7631578947368421
random_forest,7,S1_NG_INTERFACE_FLAP,0.4523809523809524
random_forest,7,DNS_RESOLUTION_FAILURE,0.6428571428571429
random_forest,7,SLICE_QOS_POLICY_ERROR,0.7083333333333334
random_forest,7,FRONTHAUL_JITTER,0.5909090909090909
random_forest,7,CONFIG_ROLLBACK_REQUIRED,0.35714285714285715
random_forest,7,COOLING_SYSTEM_FAILURE,0.6172839506172839
random_forest,19,PCI_COLLISION,0.6086956521739131
random_forest,19,BACKHAUL_CONGESTION,0.75
random_forest,19,HARDWARE_DEGRADATION,0.37142857142857144
random_forest,19,INTERFERENCE_SPIKE,0.6739130434782609
random_forest,19,NEIGHBOR_LIST_MISCONFIG,0.6071428571428571
random_forest,19,VNF_CPU_EXHAUSTION,0.6595744680851063
random_forest,19,HANDOVER_PARAM_MISCONFIG,0.625
random_forest,19,POWER_AMPLIFIER_FAULT,0.32432432432432434
random_forest,19,TIMING_SYNC_LOSS,0.4126984126984127
random_forest,19,OVERLOAD_ADMISSION_CONTROL,0.6391752577319587
random_forest,19,S1_NG_INTERFACE_FLAP,0.38235294117647056
random_forest,19,DNS_RESOLUTION_FAILURE,0.6352941176470588
random_forest,19,SLICE_QOS_POLICY_ERROR,0.6262626262626263
random_forest,19,FRONTHAUL_JITTER,0.5274725274725275
random_forest,19,CONFIG_ROLLBACK_REQUIRED,0.4067796610169492
random_forest,19,COOLING_SYSTEM_FAILURE,0.5294117647058824
random_forest,41,PCI_COLLISION,0.6578947368421053
random_forest,41,BACKHAUL_CONGESTION,0.6851851851851852
random_forest,41,HARDWARE_DEGRADATION,0.27586206896551724
random_forest,41,INTERFERENCE_SPIKE,0.7391304347826086
random_forest,41,NEIGHBOR_LIST_MISCONFIG,0.4918032786885246
random_forest,41,VNF_CPU_EXHAUSTION,0.6285714285714286
random_forest,41,HANDOVER_PARAM_MISCONFIG,0.5483870967741935
random_forest,41,POWER_AMPLIFIER_FAULT,0.4375
random_forest,41,TIMING_SYNC_LOSS,0.4166666666666667
random_forest,41,OVERLOAD_ADMISSION_CONTROL,0.631578947368421
random_forest,41,S1_NG_INTERFACE_FLAP,0.5952380952380952
random_forest,41,DNS_RESOLUTION_FAILURE,0.7012987012987013
random_forest,41,SLICE_QOS_POLICY_ERROR,0.5957446808510638
random_forest,41,FRONTHAUL_JITTER,0.6292134831460674
random_forest,41,CONFIG_ROLLBACK_REQUIRED,0.5074626865671642
random_forest,41,COOLING_SYSTEM_FAILURE,0.4
rule,7,PCI_COLLISION,0.2553191489361702
rule,7,BACKHAUL_CONGESTION,0.28169014084507044
rule,7,HARDWARE_DEGRADATION,0.17142857142857143
rule,7,INTERFERENCE_SPIKE,0.30303030303030304
rule,7,NEIGHBOR_LIST_MISCONFIG,0.40816326530612246
rule,7,VNF_CPU_EXHAUSTION,0.18867924528301888
rule,7,HANDOVER_PARAM_MISCONFIG,0.3333333333333333
rule,7,POWER_AMPLIFIER_FAULT,0.2711864406779661
rule,7,TIMING_SYNC_LOSS,0.19672131147540983
rule,7,OVERLOAD_ADMISSION_CONTROL,0.3125
rule,7,S1_NG_INTERFACE_FLAP,0.11940298507462686
rule,7,DNS_RESOLUTION_FAILURE,0.35398230088495575
rule,7,SLICE_QOS_POLICY_ERROR,0.4
rule,7,FRONTHAUL_JITTER,0.4578313253012048
rule,7,CONFIG_ROLLBACK_REQUIRED,0.35443037974683544
rule,7,COOLING_SYSTEM_FAILURE,0.42857142857142855
rule,19,PCI_COLLISION,0.3333333333333333
rule,19,BACKHAUL_CONGESTION,0.3393939393939394
rule,19,HARDWARE_DEGRADATION,0.43243243243243246
rule,19,INTERFERENCE_SPIKE,0.273972602739726
rule,19,NEIGHBOR_LIST_MISCONFIG,0.36
rule,19,VNF_CPU_EXHAUSTION,0.10344827586206896
rule,19,HANDOVER_PARAM_MISCONFIG,0.24096385542168675
rule,19,POWER_AMPLIFIER_FAULT,0.21052631578947367
rule,19,TIMING_SYNC_LOSS,0.19047619047619047
rule,19,OVERLOAD_ADMISSION_CONTROL,0.37333333333333335
rule,19,S1_NG_INTERFACE_FLAP,0.29333333333333333
rule,19,DNS_RESOLUTION_FAILURE,0.44680851063829785
rule,19,SLICE_QOS_POLICY_ERROR,0.3333333333333333
rule,19,FRONTHAUL_JITTER,0.2608695652173913
rule,19,CONFIG_ROLLBACK_REQUIRED,0.3373493975903614
rule,19,COOLING_SYSTEM_FAILURE,0.3488372093023256
rule,41,PCI_COLLISION,0.25925925925925924
rule,41,BACKHAUL_CONGESTION,0.37575757575757573
rule,41,HARDWARE_DEGRADATION,0.33962264150943394
rule,41,INTERFERENCE_SPIKE,0.3835616438356164
rule,41,NEIGHBOR_LIST_MISCONFIG,0.23529411764705882
rule,41,VNF_CPU_EXHAUSTION,0.2
rule,41,HANDOVER_PARAM_MISCONFIG,0.3333333333333333
rule,41,POWER_AMPLIFIER_FAULT,0.3582089552238806
rule,41,TIMING_SYNC_LOSS,0.28205128205128205
rule,41,OVERLOAD_ADMISSION_CONTROL,0.2631578947368421
rule,41,S1_NG_INTERFACE_FLAP,0.3235294117647059
rule,41,DNS_RESOLUTION_FAILURE,0.38202247191011235
rule,41,SLICE_QOS_POLICY_ERROR,0.2413793103448276
rule,41,FRONTHAUL_JITTER,0.5301204819277109
rule,41,CONFIG_ROLLBACK_REQUIRED,0.5057471264367817
rule,41,COOLING_SYSTEM_FAILURE,0.2571428571428571
