experiment,seed,calls,gpu,median_latency_ms,p95_latency_ms,median_classifier_ms,peak_vram_gb,peak_vram_over_idle_gb,mean_power_w,energy_per_call_j
profile__qwen2.5-1.5b-q4__hybrid1__rtx3050,7,100,"NVIDIA GeForce RTX 3050 Laptop GPU, 566.07, 4096 MiB",2012.100099993404,2347.1004999999423,11.663550045341253,1.95520512,1.328553984,38.36090322746074,78.25685318583241
profile__qwen2.5-1.5b-q4__hybrid1__rtx3050,19,100,"NVIDIA GeForce RTX 3050 Laptop GPU, 566.07, 4096 MiB",1993.9562499639578,2273.077469994314,11.898399970959872,1.95520512,1.328553984,38.32305449565759,76.92098090122442
profile__qwen2.5-1.5b-q4__hybrid1__rtx3050,41,100,"NVIDIA GeForce RTX 3050 Laptop GPU, 566.07, 4096 MiB",2043.8252500025555,2385.8358000870794,13.728049991186708,1.95520512,1.328553984,38.484136243790054,78.57274527434146
profile__qwen2.5-1.5b-q4__hybrid1__t4,7,100,"Tesla T4, 580.178.04, 15360 MiB",1572.9683424997347,1861.2917163501606,13.77882499991756,1.88448768,1.414397952,63.94615397243362,101.08664465371659
profile__qwen2.5-1.5b-q4__hybrid1__t4,19,100,"Tesla T4, 580.178.04, 15360 MiB",1541.662892999284,1737.3328721500002,14.093261499965593,1.88448768,1.414397952,64.05941941505087,98.68364549141826
profile__qwen2.5-1.5b-q4__hybrid1__t4,41,100,"Tesla T4, 580.178.04, 15360 MiB",1601.380285000232,1833.0428452994056,17.10428349997528,1.88448768,1.414397952,64.03887482867157,101.86194031572289
profile__qwen2.5-1.5b-q4__hybrid3__rtx3050,7,100,"NVIDIA GeForce RTX 3050 Laptop GPU, 566.07, 4096 MiB",2068.1013999856077,2486.1579398973845,11.80925004882738,1.957302272,1.330651136,38.41269956129248,79.76127774259662
profile__qwen2.5-1.5b-q4__hybrid3__rtx3050,19,100,"NVIDIA GeForce RTX 3050 Laptop GPU, 566.07, 4096 MiB",2063.107200083323,2458.2890350022353,11.757749947719276,1.957302272,1.330651136,38.18502990014407,79.85674544353873
profile__qwen2.5-1.5b-q4__hybrid3__rtx3050,41,100,"NVIDIA GeForce RTX 3050 Laptop GPU, 566.07, 4096 MiB",2073.381500027608,2459.8252301104367,13.796300045214593,1.957302272,1.330651136,38.42045615402012,80.51674748401734
profile__qwen2.5-1.5b-q4__hybrid3__t4,7,100,"Tesla T4, 580.178.04, 15360 MiB",1622.4457985003937,1899.2735051505406,14.26143399976354,1.886584832,1.416495104,64.0851319682667,103.83288431983212
profile__qwen2.5-1.5b-q4__hybrid3__t4,19,100,"Tesla T4, 580.178.04, 15360 MiB",1579.0526529999624,1877.1462994506237,14.990200000283949,1.886584832,1.416495104,64.07411613856135,102.33486567414803
profile__qwen2.5-1.5b-q4__hybrid3__t4,41,100,"Tesla T4, 580.178.04, 15360 MiB",1615.4208390003078,1858.222583599263,16.79070550017059,1.886584832,1.416495104,63.48439436384642,102.71065681029471
profile__qwen2.5-1.5b-q4__rag__rtx3050,7,100,"NVIDIA GeForce RTX 3050 Laptop GPU, 566.07, 4096 MiB",1886.9061500299722,2444.623784988653,0.0,1.884696576,1.260916736,37.5278453196519,73.28318652965646
profile__qwen2.5-1.5b-q4__rag__rtx3050,19,100,"NVIDIA GeForce RTX 3050 Laptop GPU, 566.07, 4096 MiB",1985.602150001796,2455.8817699784413,0.0,2.248536064,1.624756224,36.02629101119918,72.96528073252978
profile__qwen2.5-1.5b-q4__rag__rtx3050,41,100,"NVIDIA GeForce RTX 3050 Laptop GPU, 566.07, 4096 MiB",1999.2879499914125,2370.168269993155,0.0,2.213236736,1.589456896,36.5603344891507,73.66224477083605
profile__qwen2.5-1.5b-q4__rag__t4,7,100,"Tesla T4, 580.178.04, 15360 MiB",1523.5044005003147,1910.5021449006017,0.0,1.777532928,1.3074432,63.890461773362105,99.65034054516133
profile__qwen2.5-1.5b-q4__rag__t4,19,100,"Tesla T4, 580.178.04, 15360 MiB",1512.5781945007475,1872.621597399666,0.0,1.777532928,1.3074432,63.709053402434236,99.17743758892017
profile__qwen2.5-1.5b-q4__rag__t4,41,100,"Tesla T4, 580.178.04, 15360 MiB",1542.3533385001065,1845.8875438491305,0.0,1.77963008,1.309540352,64.0009415330518,99.8030302667647
profile__qwen2.5-1.5b-q4__zs__rtx3050,7,100,"NVIDIA GeForce RTX 3050 Laptop GPU, 566.07, 4096 MiB",1538.417150004534,1953.7555650284048,0.0,1.880629248,1.261051904,35.01135299684096,54.33822184438547
profile__qwen2.5-1.5b-q4__zs__rtx3050,19,100,"NVIDIA GeForce RTX 3050 Laptop GPU, 566.07, 4096 MiB",1506.5285000018775,1828.2311600138198,0.0,1.882599424,1.26302208,35.49537429098851,53.49154850507917
profile__qwen2.5-1.5b-q4__zs__rtx3050,41,100,"NVIDIA GeForce RTX 3050 Laptop GPU, 566.07, 4096 MiB",1527.127899986226,1933.0870400037384,0.0,1.882599424,1.26302208,35.115666101071945,54.209829021546945
profile__qwen2.5-1.5b-q4__zs__t4,7,100,"Tesla T4, 580.178.04, 15360 MiB",1091.3758349997806,1388.0635448524117,0.0,1.777532928,1.3074432,63.974503857267706,70.47910328286001
profile__qwen2.5-1.5b-q4__zs__t4,19,100,"Tesla T4, 580.178.04, 15360 MiB",1072.1553094990668,1296.8199543496667,0.0,1.777532928,1.3074432,63.99255213284231,69.18271838488721
profile__qwen2.5-1.5b-q4__zs__t4,41,100,"Tesla T4, 580.178.04, 15360 MiB",1114.9881799992727,1427.2201791003681,0.0,1.777532928,1.3074432,63.77358790700226,71.42819437663685
profile__qwen2.5-1.5b-q8__rag__rtx3050,7,100,"NVIDIA GeForce RTX 3050 Laptop GPU, 566.07, 4096 MiB",2065.3406500059646,2544.5914850133704,0.0,2.556268544,1.919422464,37.13075765073906,77.76040657357808
profile__qwen2.5-1.5b-q8__rag__rtx3050,19,100,"NVIDIA GeForce RTX 3050 Laptop GPU, 566.07, 4096 MiB",2035.7160500134341,2465.4514850029955,0.0,2.886569984,2.249723904,37.75252121622835,77.05340934023015
profile__qwen2.5-1.5b-q8__rag__rtx3050,41,100,"NVIDIA GeForce RTX 3050 Laptop GPU, 566.07, 4096 MiB",2065.667699993355,2580.633025013958,0.0,2.770931712,2.134085632,37.04374536882624,77.52908803793055
profile__qwen2.5-1.5b-q8__rag__t4,7,100,"Tesla T4, 580.178.04, 15360 MiB",1682.5866295002925,1982.7842931479604,0.0,2.438135808,1.96804608,64.69061550160264,109.92393168498187
profile__qwen2.5-1.5b-q8__rag__t4,19,100,"Tesla T4, 580.178.04, 15360 MiB",1691.272291001951,1959.8966006513365,0.0,2.438135808,1.96804608,64.82647776434655,109.64339789624728
profile__qwen2.5-1.5b-q8__rag__t4,41,100,"Tesla T4, 580.178.04, 15360 MiB",1719.8206444991229,1981.8279312485174,0.0,2.438135808,1.96804608,64.1243658185941,110.0340006648241
profile__qwen2.5-1.5b-q8__zs__rtx3050,7,100,"NVIDIA GeForce RTX 3050 Laptop GPU, 566.07, 4096 MiB",1563.2469500123989,1857.6077949692262,0.0,2.867826688,2.23586304,36.37993758082985,56.98672714339168
profile__qwen2.5-1.5b-q8__zs__rtx3050,19,100,"NVIDIA GeForce RTX 3050 Laptop GPU, 566.07, 4096 MiB",1505.6362000177614,1822.7184600167675,0.0,2.554171392,1.922207744,37.652111782846724,57.676682772500236
profile__qwen2.5-1.5b-q8__zs__rtx3050,41,100,"NVIDIA GeForce RTX 3050 Laptop GPU, 566.07, 4096 MiB",1485.2761499932967,1850.4777499998452,0.0,2.554171392,1.922207744,37.05480664459366,55.57834786648719
profile__qwen2.5-1.5b-q8__zs__t4,7,100,"Tesla T4, 580.178.04, 15360 MiB",1214.4922950010368,1469.5949500010101,0.0,2.438135808,1.96804608,64.61019440649409,78.91294095210728
profile__qwen2.5-1.5b-q8__zs__t4,19,100,"Tesla T4, 580.178.04, 15360 MiB",1259.746523501235,1442.0954025499668,0.0,2.438135808,1.96804608,64.0547019134334,79.38004852096714
profile__qwen2.5-1.5b-q8__zs__t4,41,100,"Tesla T4, 580.178.04, 15360 MiB",1200.3818324992608,1461.5396131019222,0.0,2.438135808,1.96804608,63.80961242140666,77.55501379391686
profile__qwen2.5-3b-q4__hybrid1__rtx3050,7,100,"NVIDIA GeForce RTX 3050 Laptop GPU, 566.07, 4096 MiB",3665.1762499823235,4442.388065007981,11.711500061210245,3.0362624,2.344730624,37.9683625063789,140.83889269481534
profile__qwen2.5-3b-q4__hybrid1__rtx3050,19,100,"NVIDIA GeForce RTX 3050 Laptop GPU, 566.07, 4096 MiB",3535.1663000765257,4138.171189901186,11.651200009509921,2.95974912,2.268217344,39.27155841905651,139.97671366261034
profile__qwen2.5-3b-q4__hybrid1__rtx3050,41,100,"NVIDIA GeForce RTX 3050 Laptop GPU, 566.07, 4096 MiB",3527.0888499799185,3859.9925450747833,13.850999996066093,2.955546624,2.264014848,39.28436272322854,137.91022200162436
profile__qwen2.5-3b-q4__hybrid1__t4,7,100,"Tesla T4, 580.178.04, 15360 MiB",2599.1932014999293,2989.8879310998154,13.956437999922855,2.882732032,2.412642304,65.33461166700464,169.78363621123037
profile__qwen2.5-3b-q4__hybrid1__t4,19,100,"Tesla T4, 580.178.04, 15360 MiB",2590.899308000189,2991.9476672001565,15.06116650034528,2.882732032,2.412642304,65.0713385135387,168.86683063247247
profile__qwen2.5-3b-q4__hybrid1__t4,41,100,"Tesla T4, 580.178.04, 15360 MiB",2601.6969959998733,2913.3935638997855,17.46713849979642,2.882732032,2.412642304,65.08680521788845,168.37588652133658
profile__qwen2.5-3b-q4__hybrid3__rtx3050,7,100,"NVIDIA GeForce RTX 3050 Laptop GPU, 566.07, 4096 MiB",4027.2047499893233,4586.682044930058,11.401000083424151,3.013476352,2.323750912,36.849686449764384,149.78743501095136
profile__qwen2.5-3b-q4__hybrid3__rtx3050,19,100,"NVIDIA GeForce RTX 3050 Laptop GPU, 566.07, 4096 MiB",3911.374999966938,4575.313800061122,11.22684997972101,3.04052224,2.3507968,37.37033467580158,146.77329127076757
profile__qwen2.5-3b-q4__hybrid3__rtx3050,41,100,"NVIDIA GeForce RTX 3050 Laptop GPU, 566.07, 4096 MiB",3797.272549942136,4483.28772498644,13.613450049888343,3.049885696,2.360160256,37.50849576967377,144.17860372037418
profile__qwen2.5-3b-q4__hybrid3__t4,7,100,"Tesla T4, 580.178.04, 15360 MiB",2706.4964730000156,3003.917079099665,15.151397500176245,2.884829184,2.414739456,65.09182341347214,175.85080715958784
profile__qwen2.5-3b-q4__hybrid3__t4,19,100,"Tesla T4, 580.178.04, 15360 MiB",2673.5309844998483,2994.8025490502005,14.204118499719698,2.884829184,2.414739456,65.27182863067718,174.5007793395084
profile__qwen2.5-3b-q4__hybrid3__t4,41,100,"Tesla T4, 580.178.04, 15360 MiB",2669.309622000128,3031.257580300121,17.451796000159447,2.884829184,2.414739456,65.14652042788957,175.60337285031463
profile__qwen2.5-3b-q4__rag__rtx3050,7,100,"NVIDIA GeForce RTX 3050 Laptop GPU, 566.07, 4096 MiB",3680.3773500141688,4403.698100085603,0.0,3.036696576,2.497581056,36.49438533370237,135.18808166212054
profile__qwen2.5-3b-q4__rag__rtx3050,19,100,"NVIDIA GeForce RTX 3050 Laptop GPU, 566.07, 4096 MiB",3856.746950012166,4481.60213494557,0.0,3.12195072,2.5828352,35.63096029804421,137.77472813479528
profile__qwen2.5-3b-q4__rag__rtx3050,41,100,"NVIDIA GeForce RTX 3050 Laptop GPU, 566.07, 4096 MiB",3749.395499995444,4617.744735017186,0.0,2.988740608,2.449625088,36.02682815068055,139.4234658074432
profile__qwen2.5-3b-q4__rag__t4,7,100,"Tesla T4, 580.178.04, 15360 MiB",2647.6460535013757,3175.406860547264,0.0,2.77577728,2.305687552,65.25945808074702,176.50328266582272
profile__qwen2.5-3b-q4__rag__t4,19,100,"Tesla T4, 580.178.04, 15360 MiB",2665.3563840009156,3148.3222540999122,0.0,2.77577728,2.305687552,65.48771192568293,177.73141879187756
profile__qwen2.5-3b-q4__rag__t4,41,100,"Tesla T4, 580.178.04, 15360 MiB",2717.964232999293,3235.8197033496253,0.0,2.777874432,2.307784704,65.34068178294554,181.22112264658986
profile__qwen2.5-3b-q4__zs__rtx3050,7,100,"NVIDIA GeForce RTX 3050 Laptop GPU, 566.07, 4096 MiB",2717.449450021377,3129.590855014976,0.0,2.858176512,2.257063936,36.56371844085966,99.59939682665495
profile__qwen2.5-3b-q4__zs__rtx3050,19,100,"NVIDIA GeForce RTX 3050 Laptop GPU, 566.07, 4096 MiB",2616.3641999592073,3126.41486999637,0.0,2.931081216,2.32996864,37.06306194396152,98.53285611799501
profile__qwen2.5-3b-q4__zs__rtx3050,41,100,"NVIDIA GeForce RTX 3050 Laptop GPU, 566.07, 4096 MiB",2599.939350009663,3158.19600999821,0.0,2.861539328,2.260426752,37.65724354293581,99.2809001369583
profile__qwen2.5-3b-q4__zs__t4,7,100,"Tesla T4, 580.178.04, 15360 MiB",1874.5953745001316,2168.1142433992136,0.0,2.773680128,2.3035904,65.77063950420877,124.50863852382423
profile__qwen2.5-3b-q4__zs__t4,19,100,"Tesla T4, 580.178.04, 15360 MiB",1871.7932885010669,2175.045695798508,0.0,2.773680128,2.3035904,65.83480673713018,123.25497212697411
profile__qwen2.5-3b-q4__zs__t4,41,100,"Tesla T4, 580.178.04, 15360 MiB",1853.2724760007113,2185.1301581982625,0.0,2.773680128,2.3035904,65.54652877288386,123.06510055358864
profile__qwen2.5-3b-q8__rag__rtx3050,7,100,"NVIDIA GeForce RTX 3050 Laptop GPU, 566.07, 4096 MiB",3795.035400078632,4542.678530007834,0.0,4.165238784,3.621163008,39.34250012025555,152.7018737831114
profile__qwen2.5-3b-q8__rag__rtx3050,19,100,"NVIDIA GeForce RTX 3050 Laptop GPU, 566.07, 4096 MiB",3756.4766999566928,4599.948170006974,0.0,4.106223616,3.56214784,39.40628196356307,151.67383546427484
profile__qwen2.5-3b-q8__rag__rtx3050,41,100,"NVIDIA GeForce RTX 3050 Laptop GPU, 566.07, 4096 MiB",3759.311500005424,4434.041859925492,0.0,4.106223616,3.56214784,39.41472574731421,150.03009912549507
profile__qwen2.5-3b-q8__rag__t4,7,100,"Tesla T4, 580.178.04, 15360 MiB",3164.4124855010887,3760.740875451847,0.0,4.130537472,3.660447744,65.7100989119873,209.7125595840536
profile__qwen2.5-3b-q8__rag__t4,19,100,"Tesla T4, 580.178.04, 15360 MiB",3109.1359830006695,3771.2697418013704,0.0,4.130537472,3.660447744,65.59507005673647,208.65196821102563
profile__qwen2.5-3b-q8__rag__t4,41,100,"Tesla T4, 580.178.04, 15360 MiB",3110.199721499157,3784.8350377989846,0.0,4.130537472,3.660447744,65.38558807074165,207.34712456716395
profile__qwen2.5-3b-q8__zs__rtx3050,7,100,"NVIDIA GeForce RTX 3050 Laptop GPU, 566.07, 4096 MiB",2929.863999946974,3383.679160050815,0.0,4.10976256,3.483111424,39.295702708510134,116.36609122446308
profile__qwen2.5-3b-q8__zs__rtx3050,19,100,"NVIDIA GeForce RTX 3050 Laptop GPU, 566.07, 4096 MiB",2993.096799997147,3416.5582750283647,0.0,4.10976256,3.483111424,39.41777164395259,117.96029592957116
profile__qwen2.5-3b-q8__zs__rtx3050,41,100,"NVIDIA GeForce RTX 3050 Laptop GPU, 566.07, 4096 MiB",3036.254250037018,3502.2983949631453,0.0,4.10976256,3.483111424,39.28552849588403,118.70961249881285
profile__qwen2.5-3b-q8__zs__t4,7,100,"Tesla T4, 580.178.04, 15360 MiB",2362.9027155002404,2725.528414249311,0.0,4.12844032,3.658350592,66.27210960774137,157.2620282314013
profile__qwen2.5-3b-q8__zs__t4,19,100,"Tesla T4, 580.178.04, 15360 MiB",2427.5918304992956,2795.7762855499823,0.0,4.12844032,3.658350592,66.0062426381981,159.82534788758525
profile__qwen2.5-3b-q8__zs__t4,41,100,"Tesla T4, 580.178.04, 15360 MiB",2422.352598001453,2774.545406200741,0.0,4.12844032,3.658350592,66.01162390515819,160.77391816992235
