experiment,seed,k,recall,mrr
retrieval__full,7,1,0.135,0.135
retrieval__full,7,3,0.335,0.22055555555555553
retrieval__full,7,5,0.46,0.2489722222222222
retrieval__full,7,10,0.6716666666666666,0.27747751322751324
retrieval__full,19,1,0.155,0.155
retrieval__full,19,3,0.31666666666666665,0.225
retrieval__full,19,5,0.445,0.2536666666666667
retrieval__full,19,10,0.6683333333333333,0.2832698412698413
retrieval__full,41,1,0.17833333333333334,0.17833333333333334
retrieval__full,41,3,0.375,0.2619444444444444
retrieval__full,41,5,0.515,0.2928611111111112
retrieval__full,41,10,0.7116666666666667,0.31971693121693123
retrieval__generic_remediation,7,1,0.125,0.125
retrieval__generic_remediation,7,3,0.3233333333333333,0.20944444444444446
retrieval__generic_remediation,7,5,0.4483333333333333,0.2378611111111111
retrieval__generic_remediation,7,10,0.66,0.26589682539682535
retrieval__generic_remediation,19,1,0.14166666666666666,0.14166666666666666
retrieval__generic_remediation,19,3,0.3233333333333333,0.21722222222222218
retrieval__generic_remediation,19,5,0.445,0.24447222222222223
retrieval__generic_remediation,19,10,0.655,0.2720714285714286
retrieval__generic_remediation,41,1,0.16666666666666666,0.16666666666666666
retrieval__generic_remediation,41,3,0.3516666666666667,0.24583333333333332
retrieval__generic_remediation,41,5,0.5,0.2793333333333333
retrieval__generic_remediation,41,10,0.715,0.30847089947089945
retrieval__no_remediation,7,1,0.12666666666666668,0.12666666666666668
retrieval__no_remediation,7,3,0.3233333333333333,0.2097222222222222
retrieval__no_remediation,7,5,0.44333333333333336,0.23647222222222225
retrieval__no_remediation,7,10,0.6633333333333333,0.2656335978835979
retrieval__no_remediation,19,1,0.14166666666666666,0.14166666666666666
retrieval__no_remediation,19,3,0.32166666666666666,0.2161111111111111
retrieval__no_remediation,19,5,0.43666666666666665,0.24211111111111108
retrieval__no_remediation,19,10,0.6583333333333333,0.27129232804232806
retrieval__no_remediation,41,1,0.16666666666666666,0.16666666666666666
retrieval__no_remediation,41,3,0.35333333333333333,0.24666666666666667
retrieval__no_remediation,41,5,0.49833333333333335,0.27949999999999997
retrieval__no_remediation,41,10,0.7116666666666667,0.3082962962962963
