split,fault_class,count
train,S1_NG_INTERFACE_FLAP,209
train,VNF_CPU_EXHAUSTION,196
train,FRONTHAUL_JITTER,193
train,CONFIG_ROLLBACK_REQUIRED,183
train,INTERFERENCE_SPIKE,180
train,TIMING_SYNC_LOSS,178
train,POWER_AMPLIFIER_FAULT,176
train,SLICE_QOS_POLICY_ERROR,176
train,OVERLOAD_ADMISSION_CONTROL,169
train,HARDWARE_DEGRADATION,169
train,DNS_RESOLUTION_FAILURE,167
train,COOLING_SYSTEM_FAILURE,166
train,BACKHAUL_CONGESTION,162
train,HANDOVER_PARAM_MISCONFIG,162
train,PCI_COLLISION,162
train,NEIGHBOR_LIST_MISCONFIG,152
val,TIMING_SYNC_LOSS,53
val,VNF_CPU_EXHAUSTION,43
val,HARDWARE_DEGRADATION,43
val,FRONTHAUL_JITTER,40
val,POWER_AMPLIFIER_FAULT,40
val,DNS_RESOLUTION_FAILURE,38
val,CONFIG_ROLLBACK_REQUIRED,38
val,NEIGHBOR_LIST_MISCONFIG,37
val,HANDOVER_PARAM_MISCONFIG,37
val,OVERLOAD_ADMISSION_CONTROL,36
val,INTERFERENCE_SPIKE,35
val,SLICE_QOS_POLICY_ERROR,34
val,COOLING_SYSTEM_FAILURE,34
val,S1_NG_INTERFACE_FLAP,33
val,BACKHAUL_CONGESTION,32
val,PCI_COLLISION,27
test,FRONTHAUL_JITTER,44
test,HARDWARE_DEGRADATION,44
test,OVERLOAD_ADMISSION_CONTROL,43
test,VNF_CPU_EXHAUSTION,43
test,SLICE_QOS_POLICY_ERROR,40
test,POWER_AMPLIFIER_FAULT,40
test,NEIGHBOR_LIST_MISCONFIG,39
test,DNS_RESOLUTION_FAILURE,38
test,HANDOVER_PARAM_MISCONFIG,37
test,TIMING_SYNC_LOSS,37
test,S1_NG_INTERFACE_FLAP,35
test,BACKHAUL_CONGESTION,35
test,COOLING_SYSTEM_FAILURE,33
test,PCI_COLLISION,32
test,CONFIG_ROLLBACK_REQUIRED,32
test,INTERFERENCE_SPIKE,28
