method,fault_class,precision,recall,f1,support
Rule-based expert system,BACKHAUL_CONGESTION,0.40229885057471265,1.0,0.5737704918032787,35
Rule-based expert system,CONFIG_ROLLBACK_REQUIRED,0.4461538461538462,0.90625,0.5979381443298969,32
Rule-based expert system,COOLING_SYSTEM_FAILURE,0.4426229508196721,0.8181818181818182,0.574468085106383,33
Rule-based expert system,DNS_RESOLUTION_FAILURE,0.5686274509803921,0.7631578947368421,0.651685393258427,38
Rule-based expert system,FRONTHAUL_JITTER,0.6153846153846154,0.7272727272727273,0.6666666666666666,44
Rule-based expert system,HANDOVER_PARAM_MISCONFIG,0.4339622641509434,0.6216216216216216,0.5111111111111111,37
Rule-based expert system,HARDWARE_DEGRADATION,0.5588235294117647,0.4318181818181818,0.48717948717948717,44
Rule-based expert system,INTERFERENCE_SPIKE,0.5142857142857142,0.6428571428571429,0.5714285714285714,28
Rule-based expert system,NEIGHBOR_LIST_MISCONFIG,0.631578947368421,0.3076923076923077,0.41379310344827586,39
Rule-based expert system,OVERLOAD_ADMISSION_CONTROL,0.6774193548387096,0.4883720930232558,0.5675675675675675,43
Rule-based expert system,PCI_COLLISION,0.8421052631578947,0.5,0.6274509803921569,32
Rule-based expert system,POWER_AMPLIFIER_FAULT,0.8888888888888888,0.4,0.5517241379310345,40
Rule-based expert system,S1_NG_INTERFACE_FLAP,0.7272727272727273,0.45714285714285713,0.5614035087719298,35
Rule-based expert system,SLICE_QOS_POLICY_ERROR,0.6875,0.275,0.39285714285714285,40
Rule-based expert system,TIMING_SYNC_LOSS,0.9375,0.40540540540540543,0.5660377358490566,37
Rule-based expert system,VNF_CPU_EXHAUSTION,0.8571428571428571,0.4186046511627907,0.5625,43
RandomForest structured features,BACKHAUL_CONGESTION,0.825,0.9428571428571428,0.88,35
RandomForest structured features,CONFIG_ROLLBACK_REQUIRED,0.9655172413793104,0.875,0.9180327868852459,32
RandomForest structured features,COOLING_SYSTEM_FAILURE,0.92,0.696969696969697,0.7931034482758621,33
RandomForest structured features,DNS_RESOLUTION_FAILURE,0.9487179487179487,0.9736842105263158,0.961038961038961,38
RandomForest structured features,FRONTHAUL_JITTER,0.86,0.9772727272727273,0.9148936170212766,44
RandomForest structured features,HANDOVER_PARAM_MISCONFIG,0.7435897435897436,0.7837837837837838,0.7631578947368421,37
RandomForest structured features,HARDWARE_DEGRADATION,0.7272727272727273,0.7272727272727273,0.7272727272727273,44
RandomForest structured features,INTERFERENCE_SPIKE,0.8,1.0,0.8888888888888888,28
RandomForest structured features,NEIGHBOR_LIST_MISCONFIG,0.7878787878787878,0.6666666666666666,0.7222222222222222,39
RandomForest structured features,OVERLOAD_ADMISSION_CONTROL,0.8863636363636364,0.9069767441860465,0.896551724137931,43
RandomForest structured features,PCI_COLLISION,0.8648648648648649,1.0,0.927536231884058,32
RandomForest structured features,POWER_AMPLIFIER_FAULT,0.7575757575757576,0.625,0.684931506849315,40
RandomForest structured features,S1_NG_INTERFACE_FLAP,0.9375,0.8571428571428571,0.8955223880597015,35
RandomForest structured features,SLICE_QOS_POLICY_ERROR,0.8536585365853658,0.875,0.8641975308641975,40
RandomForest structured features,TIMING_SYNC_LOSS,0.9411764705882353,0.8648648648648649,0.9014084507042254,37
RandomForest structured features,VNF_CPU_EXHAUSTION,0.9111111111111111,0.9534883720930233,0.9318181818181818,43
