id,gold,prediction,confidence,citations,citation_fault_match,method
win-00523,DNS_RESOLUTION_FAILURE,DNS_RESOLUTION_FAILURE,0.95,,False,"Zero-shot heuristic, no retrieval"
win-03731,POWER_AMPLIFIER_FAULT,PCI_COLLISION,0.35,,False,"Zero-shot heuristic, no retrieval"
win-02899,SLICE_QOS_POLICY_ERROR,PCI_COLLISION,0.35,,False,"Zero-shot heuristic, no retrieval"
win-02928,DNS_RESOLUTION_FAILURE,PCI_COLLISION,0.35,,False,"Zero-shot heuristic, no retrieval"
win-03559,NEIGHBOR_LIST_MISCONFIG,NEIGHBOR_LIST_MISCONFIG,0.6499999999999999,,False,"Zero-shot heuristic, no retrieval"
win-02718,BACKHAUL_CONGESTION,BACKHAUL_CONGESTION,0.6499999999999999,,False,"Zero-shot heuristic, no retrieval"
win-00627,OVERLOAD_ADMISSION_CONTROL,INTERFERENCE_SPIKE,0.6499999999999999,,False,"Zero-shot heuristic, no retrieval"
win-02973,POWER_AMPLIFIER_FAULT,POWER_AMPLIFIER_FAULT,0.6499999999999999,,False,"Zero-shot heuristic, no retrieval"
win-01705,COOLING_SYSTEM_FAILURE,HARDWARE_DEGRADATION,0.6499999999999999,,False,"Zero-shot heuristic, no retrieval"
win-02444,HANDOVER_PARAM_MISCONFIG,HANDOVER_PARAM_MISCONFIG,0.95,,False,"Zero-shot heuristic, no retrieval"
win-02174,HARDWARE_DEGRADATION,HARDWARE_DEGRADATION,0.95,,False,"Zero-shot heuristic, no retrieval"
win-00035,S1_NG_INTERFACE_FLAP,S1_NG_INTERFACE_FLAP,0.6499999999999999,,False,"Zero-shot heuristic, no retrieval"
win-01271,INTERFERENCE_SPIKE,PCI_COLLISION,0.35,,False,"Zero-shot heuristic, no retrieval"
win-00502,S1_NG_INTERFACE_FLAP,S1_NG_INTERFACE_FLAP,0.95,,False,"Zero-shot heuristic, no retrieval"
win-00790,VNF_CPU_EXHAUSTION,VNF_CPU_EXHAUSTION,0.6499999999999999,,False,"Zero-shot heuristic, no retrieval"
win-01587,PCI_COLLISION,PCI_COLLISION,0.6499999999999999,,False,"Zero-shot heuristic, no retrieval"
win-02851,TIMING_SYNC_LOSS,TIMING_SYNC_LOSS,0.95,,False,"Zero-shot heuristic, no retrieval"
win-02584,VNF_CPU_EXHAUSTION,NEIGHBOR_LIST_MISCONFIG,0.95,,False,"Zero-shot heuristic, no retrieval"
win-02199,HARDWARE_DEGRADATION,HARDWARE_DEGRADATION,0.6499999999999999,,False,"Zero-shot heuristic, no retrieval"
win-01347,VNF_CPU_EXHAUSTION,PCI_COLLISION,0.35,,False,"Zero-shot heuristic, no retrieval"
win-01380,S1_NG_INTERFACE_FLAP,PCI_COLLISION,0.35,,False,"Zero-shot heuristic, no retrieval"
win-01619,SLICE_QOS_POLICY_ERROR,SLICE_QOS_POLICY_ERROR,0.95,,False,"Zero-shot heuristic, no retrieval"
win-00602,FRONTHAUL_JITTER,FRONTHAUL_JITTER,0.6499999999999999,,False,"Zero-shot heuristic, no retrieval"
win-01175,HANDOVER_PARAM_MISCONFIG,HANDOVER_PARAM_MISCONFIG,0.95,,False,"Zero-shot heuristic, no retrieval"
win-03493,CONFIG_ROLLBACK_REQUIRED,PCI_COLLISION,0.35,,False,"Zero-shot heuristic, no retrieval"
win-01246,VNF_CPU_EXHAUSTION,VNF_CPU_EXHAUSTION,0.6499999999999999,,False,"Zero-shot heuristic, no retrieval"
win-00704,FRONTHAUL_JITTER,OVERLOAD_ADMISSION_CONTROL,0.6499999999999999,,False,"Zero-shot heuristic, no retrieval"
win-03429,NEIGHBOR_LIST_MISCONFIG,BACKHAUL_CONGESTION,0.95,,False,"Zero-shot heuristic, no retrieval"
win-00669,CONFIG_ROLLBACK_REQUIRED,COOLING_SYSTEM_FAILURE,0.95,,False,"Zero-shot heuristic, no retrieval"
win-00831,DNS_RESOLUTION_FAILURE,BACKHAUL_CONGESTION,0.6499999999999999,,False,"Zero-shot heuristic, no retrieval"
win-03694,INTERFERENCE_SPIKE,BACKHAUL_CONGESTION,0.6499999999999999,,False,"Zero-shot heuristic, no retrieval"
win-01150,DNS_RESOLUTION_FAILURE,HARDWARE_DEGRADATION,0.6499999999999999,,False,"Zero-shot heuristic, no retrieval"
win-00310,NEIGHBOR_LIST_MISCONFIG,S1_NG_INTERFACE_FLAP,0.95,,False,"Zero-shot heuristic, no retrieval"
win-01485,FRONTHAUL_JITTER,INTERFERENCE_SPIKE,0.6499999999999999,,False,"Zero-shot heuristic, no retrieval"
win-00421,TIMING_SYNC_LOSS,HANDOVER_PARAM_MISCONFIG,0.6499999999999999,,False,"Zero-shot heuristic, no retrieval"
win-00330,DNS_RESOLUTION_FAILURE,DNS_RESOLUTION_FAILURE,0.95,,False,"Zero-shot heuristic, no retrieval"
win-03999,COOLING_SYSTEM_FAILURE,VNF_CPU_EXHAUSTION,0.6499999999999999,,False,"Zero-shot heuristic, no retrieval"
win-00205,POWER_AMPLIFIER_FAULT,POWER_AMPLIFIER_FAULT,0.95,,False,"Zero-shot heuristic, no retrieval"
win-03442,FRONTHAUL_JITTER,S1_NG_INTERFACE_FLAP,0.6499999999999999,,False,"Zero-shot heuristic, no retrieval"
win-00124,TIMING_SYNC_LOSS,TIMING_SYNC_LOSS,0.95,,False,"Zero-shot heuristic, no retrieval"
win-02736,OVERLOAD_ADMISSION_CONTROL,OVERLOAD_ADMISSION_CONTROL,0.95,,False,"Zero-shot heuristic, no retrieval"
win-01466,CONFIG_ROLLBACK_REQUIRED,CONFIG_ROLLBACK_REQUIRED,0.95,,False,"Zero-shot heuristic, no retrieval"
win-03753,S1_NG_INTERFACE_FLAP,S1_NG_INTERFACE_FLAP,0.95,,False,"Zero-shot heuristic, no retrieval"
win-01822,PCI_COLLISION,PCI_COLLISION,0.95,,False,"Zero-shot heuristic, no retrieval"
win-03945,DNS_RESOLUTION_FAILURE,BACKHAUL_CONGESTION,0.6499999999999999,,False,"Zero-shot heuristic, no retrieval"
win-00279,SLICE_QOS_POLICY_ERROR,DNS_RESOLUTION_FAILURE,0.6499999999999999,,False,"Zero-shot heuristic, no retrieval"
win-01310,SLICE_QOS_POLICY_ERROR,BACKHAUL_CONGESTION,0.95,,False,"Zero-shot heuristic, no retrieval"
win-02029,VNF_CPU_EXHAUSTION,CONFIG_ROLLBACK_REQUIRED,0.95,,False,"Zero-shot heuristic, no retrieval"
win-01081,BACKHAUL_CONGESTION,PCI_COLLISION,0.6499999999999999,,False,"Zero-shot heuristic, no retrieval"
win-00798,HANDOVER_PARAM_MISCONFIG,HANDOVER_PARAM_MISCONFIG,0.95,,False,"Zero-shot heuristic, no retrieval"
win-01955,S1_NG_INTERFACE_FLAP,BACKHAUL_CONGESTION,0.6499999999999999,,False,"Zero-shot heuristic, no retrieval"
win-03828,CONFIG_ROLLBACK_REQUIRED,HARDWARE_DEGRADATION,0.6499999999999999,,False,"Zero-shot heuristic, no retrieval"
win-03853,NEIGHBOR_LIST_MISCONFIG,NEIGHBOR_LIST_MISCONFIG,0.95,,False,"Zero-shot heuristic, no retrieval"
win-00943,POWER_AMPLIFIER_FAULT,BACKHAUL_CONGESTION,0.95,,False,"Zero-shot heuristic, no retrieval"
win-02439,PCI_COLLISION,PCI_COLLISION,0.95,,False,"Zero-shot heuristic, no retrieval"
win-02173,TIMING_SYNC_LOSS,PCI_COLLISION,0.35,,False,"Zero-shot heuristic, no retrieval"
win-01109,PCI_COLLISION,PCI_COLLISION,0.95,,False,"Zero-shot heuristic, no retrieval"
win-00537,FRONTHAUL_JITTER,PCI_COLLISION,0.35,,False,"Zero-shot heuristic, no retrieval"
win-00445,POWER_AMPLIFIER_FAULT,COOLING_SYSTEM_FAILURE,0.95,,False,"Zero-shot heuristic, no retrieval"
win-00666,SLICE_QOS_POLICY_ERROR,BACKHAUL_CONGESTION,0.6499999999999999,,False,"Zero-shot heuristic, no retrieval"
win-03566,COOLING_SYSTEM_FAILURE,HARDWARE_DEGRADATION,0.6499999999999999,,False,"Zero-shot heuristic, no retrieval"
win-00055,BACKHAUL_CONGESTION,BACKHAUL_CONGESTION,0.6499999999999999,,False,"Zero-shot heuristic, no retrieval"
win-02551,HARDWARE_DEGRADATION,VNF_CPU_EXHAUSTION,0.95,,False,"Zero-shot heuristic, no retrieval"
win-03081,TIMING_SYNC_LOSS,BACKHAUL_CONGESTION,0.95,,False,"Zero-shot heuristic, no retrieval"
win-02653,VNF_CPU_EXHAUSTION,BACKHAUL_CONGESTION,0.95,,False,"Zero-shot heuristic, no retrieval"
win-01704,COOLING_SYSTEM_FAILURE,HARDWARE_DEGRADATION,0.6499999999999999,,False,"Zero-shot heuristic, no retrieval"
win-00950,VNF_CPU_EXHAUSTION,VNF_CPU_EXHAUSTION,0.95,,False,"Zero-shot heuristic, no retrieval"
win-00643,FRONTHAUL_JITTER,NEIGHBOR_LIST_MISCONFIG,0.6499999999999999,,False,"Zero-shot heuristic, no retrieval"
win-03645,COOLING_SYSTEM_FAILURE,COOLING_SYSTEM_FAILURE,0.95,,False,"Zero-shot heuristic, no retrieval"
win-01137,SLICE_QOS_POLICY_ERROR,PCI_COLLISION,0.35,,False,"Zero-shot heuristic, no retrieval"
win-02938,INTERFERENCE_SPIKE,INTERFERENCE_SPIKE,0.6499999999999999,,False,"Zero-shot heuristic, no retrieval"
win-01204,OVERLOAD_ADMISSION_CONTROL,OVERLOAD_ADMISSION_CONTROL,0.6499999999999999,,False,"Zero-shot heuristic, no retrieval"
win-02192,FRONTHAUL_JITTER,HARDWARE_DEGRADATION,0.55,,False,"Zero-shot heuristic, no retrieval"
win-03225,OVERLOAD_ADMISSION_CONTROL,PCI_COLLISION,0.35,,False,"Zero-shot heuristic, no retrieval"
win-02684,PCI_COLLISION,POWER_AMPLIFIER_FAULT,0.95,,False,"Zero-shot heuristic, no retrieval"
win-01451,VNF_CPU_EXHAUSTION,VNF_CPU_EXHAUSTION,0.95,,False,"Zero-shot heuristic, no retrieval"
win-00327,PCI_COLLISION,PCI_COLLISION,0.6499999999999999,,False,"Zero-shot heuristic, no retrieval"
win-01179,INTERFERENCE_SPIKE,PCI_COLLISION,0.35,,False,"Zero-shot heuristic, no retrieval"
win-01129,BACKHAUL_CONGESTION,BACKHAUL_CONGESTION,0.6499999999999999,,False,"Zero-shot heuristic, no retrieval"
win-01936,HARDWARE_DEGRADATION,HARDWARE_DEGRADATION,0.95,,False,"Zero-shot heuristic, no retrieval"
win-00751,NEIGHBOR_LIST_MISCONFIG,NEIGHBOR_LIST_MISCONFIG,0.95,,False,"Zero-shot heuristic, no retrieval"
win-03643,S1_NG_INTERFACE_FLAP,S1_NG_INTERFACE_FLAP,0.95,,False,"Zero-shot heuristic, no retrieval"
win-02023,COOLING_SYSTEM_FAILURE,HARDWARE_DEGRADATION,0.95,,False,"Zero-shot heuristic, no retrieval"
win-02274,BACKHAUL_CONGESTION,BACKHAUL_CONGESTION,0.95,,False,"Zero-shot heuristic, no retrieval"
win-00317,CONFIG_ROLLBACK_REQUIRED,SLICE_QOS_POLICY_ERROR,0.95,,False,"Zero-shot heuristic, no retrieval"
win-00730,PCI_COLLISION,PCI_COLLISION,0.6499999999999999,,False,"Zero-shot heuristic, no retrieval"
win-02706,HANDOVER_PARAM_MISCONFIG,PCI_COLLISION,0.35,,False,"Zero-shot heuristic, no retrieval"
win-02148,INTERFERENCE_SPIKE,INTERFERENCE_SPIKE,0.6499999999999999,,False,"Zero-shot heuristic, no retrieval"
win-01273,DNS_RESOLUTION_FAILURE,PCI_COLLISION,0.35,,False,"Zero-shot heuristic, no retrieval"
win-02805,INTERFERENCE_SPIKE,VNF_CPU_EXHAUSTION,0.95,,False,"Zero-shot heuristic, no retrieval"
win-03784,SLICE_QOS_POLICY_ERROR,PCI_COLLISION,0.35,,False,"Zero-shot heuristic, no retrieval"
win-02228,OVERLOAD_ADMISSION_CONTROL,OVERLOAD_ADMISSION_CONTROL,0.6499999999999999,,False,"Zero-shot heuristic, no retrieval"
win-02898,SLICE_QOS_POLICY_ERROR,SLICE_QOS_POLICY_ERROR,0.95,,False,"Zero-shot heuristic, no retrieval"
win-01252,DNS_RESOLUTION_FAILURE,TIMING_SYNC_LOSS,0.95,,False,"Zero-shot heuristic, no retrieval"
win-03374,HARDWARE_DEGRADATION,HARDWARE_DEGRADATION,0.6499999999999999,,False,"Zero-shot heuristic, no retrieval"
win-02493,S1_NG_INTERFACE_FLAP,TIMING_SYNC_LOSS,0.6499999999999999,,False,"Zero-shot heuristic, no retrieval"
win-00516,TIMING_SYNC_LOSS,PCI_COLLISION,0.35,,False,"Zero-shot heuristic, no retrieval"
win-02902,PCI_COLLISION,NEIGHBOR_LIST_MISCONFIG,0.95,,False,"Zero-shot heuristic, no retrieval"
win-02621,VNF_CPU_EXHAUSTION,VNF_CPU_EXHAUSTION,0.95,,False,"Zero-shot heuristic, no retrieval"
win-03473,DNS_RESOLUTION_FAILURE,DNS_RESOLUTION_FAILURE,0.95,,False,"Zero-shot heuristic, no retrieval"
win-00239,TIMING_SYNC_LOSS,TIMING_SYNC_LOSS,0.95,,False,"Zero-shot heuristic, no retrieval"
win-03438,TIMING_SYNC_LOSS,S1_NG_INTERFACE_FLAP,0.95,,False,"Zero-shot heuristic, no retrieval"
win-02867,HARDWARE_DEGRADATION,HARDWARE_DEGRADATION,0.6499999999999999,,False,"Zero-shot heuristic, no retrieval"
win-00017,CONFIG_ROLLBACK_REQUIRED,CONFIG_ROLLBACK_REQUIRED,0.95,,False,"Zero-shot heuristic, no retrieval"
win-01982,OVERLOAD_ADMISSION_CONTROL,PCI_COLLISION,0.35,,False,"Zero-shot heuristic, no retrieval"
win-01480,OVERLOAD_ADMISSION_CONTROL,PCI_COLLISION,0.35,,False,"Zero-shot heuristic, no retrieval"
win-01236,POWER_AMPLIFIER_FAULT,POWER_AMPLIFIER_FAULT,0.95,,False,"Zero-shot heuristic, no retrieval"
win-01399,OVERLOAD_ADMISSION_CONTROL,VNF_CPU_EXHAUSTION,0.6499999999999999,,False,"Zero-shot heuristic, no retrieval"
win-00954,OVERLOAD_ADMISSION_CONTROL,HANDOVER_PARAM_MISCONFIG,0.6499999999999999,,False,"Zero-shot heuristic, no retrieval"
win-01224,VNF_CPU_EXHAUSTION,VNF_CPU_EXHAUSTION,0.95,,False,"Zero-shot heuristic, no retrieval"
win-01967,POWER_AMPLIFIER_FAULT,NEIGHBOR_LIST_MISCONFIG,0.6499999999999999,,False,"Zero-shot heuristic, no retrieval"
win-01528,NEIGHBOR_LIST_MISCONFIG,NEIGHBOR_LIST_MISCONFIG,0.6499999999999999,,False,"Zero-shot heuristic, no retrieval"
win-00479,S1_NG_INTERFACE_FLAP,PCI_COLLISION,0.35,,False,"Zero-shot heuristic, no retrieval"
win-01318,HARDWARE_DEGRADATION,HARDWARE_DEGRADATION,0.95,,False,"Zero-shot heuristic, no retrieval"
win-00020,INTERFERENCE_SPIKE,INTERFERENCE_SPIKE,0.95,,False,"Zero-shot heuristic, no retrieval"
win-03870,HARDWARE_DEGRADATION,HARDWARE_DEGRADATION,0.6499999999999999,,False,"Zero-shot heuristic, no retrieval"
win-02630,BACKHAUL_CONGESTION,BACKHAUL_CONGESTION,0.75,,False,"Zero-shot heuristic, no retrieval"
win-03405,OVERLOAD_ADMISSION_CONTROL,PCI_COLLISION,0.35,,False,"Zero-shot heuristic, no retrieval"
win-00177,VNF_CPU_EXHAUSTION,VNF_CPU_EXHAUSTION,0.95,,False,"Zero-shot heuristic, no retrieval"
win-02843,NEIGHBOR_LIST_MISCONFIG,INTERFERENCE_SPIKE,0.6499999999999999,,False,"Zero-shot heuristic, no retrieval"
win-03971,SLICE_QOS_POLICY_ERROR,PCI_COLLISION,0.6499999999999999,,False,"Zero-shot heuristic, no retrieval"
win-01222,PCI_COLLISION,PCI_COLLISION,0.95,,False,"Zero-shot heuristic, no retrieval"
win-00659,HANDOVER_PARAM_MISCONFIG,PCI_COLLISION,0.6499999999999999,,False,"Zero-shot heuristic, no retrieval"
win-00051,VNF_CPU_EXHAUSTION,VNF_CPU_EXHAUSTION,0.95,,False,"Zero-shot heuristic, no retrieval"
win-03198,DNS_RESOLUTION_FAILURE,DNS_RESOLUTION_FAILURE,0.6499999999999999,,False,"Zero-shot heuristic, no retrieval"
win-00175,NEIGHBOR_LIST_MISCONFIG,INTERFERENCE_SPIKE,0.95,,False,"Zero-shot heuristic, no retrieval"
win-00478,BACKHAUL_CONGESTION,BACKHAUL_CONGESTION,0.6499999999999999,,False,"Zero-shot heuristic, no retrieval"
win-01621,INTERFERENCE_SPIKE,INTERFERENCE_SPIKE,0.6499999999999999,,False,"Zero-shot heuristic, no retrieval"
win-02367,PCI_COLLISION,OVERLOAD_ADMISSION_CONTROL,0.95,,False,"Zero-shot heuristic, no retrieval"
win-00929,BACKHAUL_CONGESTION,BACKHAUL_CONGESTION,0.75,,False,"Zero-shot heuristic, no retrieval"
win-03634,HANDOVER_PARAM_MISCONFIG,BACKHAUL_CONGESTION,0.6499999999999999,,False,"Zero-shot heuristic, no retrieval"
win-02430,BACKHAUL_CONGESTION,BACKHAUL_CONGESTION,0.6499999999999999,,False,"Zero-shot heuristic, no retrieval"
win-03378,CONFIG_ROLLBACK_REQUIRED,INTERFERENCE_SPIKE,0.6499999999999999,,False,"Zero-shot heuristic, no retrieval"
win-00491,PCI_COLLISION,PCI_COLLISION,0.95,,False,"Zero-shot heuristic, no retrieval"
win-00247,VNF_CPU_EXHAUSTION,VNF_CPU_EXHAUSTION,0.95,,False,"Zero-shot heuristic, no retrieval"
win-02397,POWER_AMPLIFIER_FAULT,HARDWARE_DEGRADATION,0.95,,False,"Zero-shot heuristic, no retrieval"
win-00208,HARDWARE_DEGRADATION,HARDWARE_DEGRADATION,0.6499999999999999,,False,"Zero-shot heuristic, no retrieval"
win-01054,PCI_COLLISION,PCI_COLLISION,0.95,,False,"Zero-shot heuristic, no retrieval"
win-00123,BACKHAUL_CONGESTION,BACKHAUL_CONGESTION,0.6499999999999999,,False,"Zero-shot heuristic, no retrieval"
win-01588,VNF_CPU_EXHAUSTION,BACKHAUL_CONGESTION,0.6499999999999999,,False,"Zero-shot heuristic, no retrieval"
win-03564,OVERLOAD_ADMISSION_CONTROL,OVERLOAD_ADMISSION_CONTROL,0.95,,False,"Zero-shot heuristic, no retrieval"
win-01977,VNF_CPU_EXHAUSTION,OVERLOAD_ADMISSION_CONTROL,0.95,,False,"Zero-shot heuristic, no retrieval"
win-01537,SLICE_QOS_POLICY_ERROR,BACKHAUL_CONGESTION,0.6499999999999999,,False,"Zero-shot heuristic, no retrieval"
win-03901,DNS_RESOLUTION_FAILURE,TIMING_SYNC_LOSS,0.6499999999999999,,False,"Zero-shot heuristic, no retrieval"
win-03609,POWER_AMPLIFIER_FAULT,POWER_AMPLIFIER_FAULT,0.6499999999999999,,False,"Zero-shot heuristic, no retrieval"
win-02735,OVERLOAD_ADMISSION_CONTROL,PCI_COLLISION,0.35,,False,"Zero-shot heuristic, no retrieval"
win-00591,SLICE_QOS_POLICY_ERROR,DNS_RESOLUTION_FAILURE,0.6499999999999999,,False,"Zero-shot heuristic, no retrieval"
win-02132,HARDWARE_DEGRADATION,HARDWARE_DEGRADATION,0.95,,False,"Zero-shot heuristic, no retrieval"
win-02219,FRONTHAUL_JITTER,CONFIG_ROLLBACK_REQUIRED,0.95,,False,"Zero-shot heuristic, no retrieval"
win-02487,TIMING_SYNC_LOSS,TIMING_SYNC_LOSS,0.95,,False,"Zero-shot heuristic, no retrieval"
win-02308,NEIGHBOR_LIST_MISCONFIG,BACKHAUL_CONGESTION,0.6499999999999999,,False,"Zero-shot heuristic, no retrieval"
win-00468,FRONTHAUL_JITTER,FRONTHAUL_JITTER,0.95,,False,"Zero-shot heuristic, no retrieval"
win-00767,HARDWARE_DEGRADATION,HANDOVER_PARAM_MISCONFIG,0.95,,False,"Zero-shot heuristic, no retrieval"
win-00263,DNS_RESOLUTION_FAILURE,OVERLOAD_ADMISSION_CONTROL,0.6499999999999999,,False,"Zero-shot heuristic, no retrieval"
win-02479,INTERFERENCE_SPIKE,INTERFERENCE_SPIKE,0.95,,False,"Zero-shot heuristic, no retrieval"
win-01394,FRONTHAUL_JITTER,BACKHAUL_CONGESTION,0.6499999999999999,,False,"Zero-shot heuristic, no retrieval"
win-00574,CONFIG_ROLLBACK_REQUIRED,BACKHAUL_CONGESTION,0.6499999999999999,,False,"Zero-shot heuristic, no retrieval"
win-03462,POWER_AMPLIFIER_FAULT,HANDOVER_PARAM_MISCONFIG,0.95,,False,"Zero-shot heuristic, no retrieval"
win-01540,S1_NG_INTERFACE_FLAP,SLICE_QOS_POLICY_ERROR,0.95,,False,"Zero-shot heuristic, no retrieval"
win-02743,OVERLOAD_ADMISSION_CONTROL,BACKHAUL_CONGESTION,0.55,,False,"Zero-shot heuristic, no retrieval"
win-03821,PCI_COLLISION,PCI_COLLISION,0.6499999999999999,,False,"Zero-shot heuristic, no retrieval"
win-02293,BACKHAUL_CONGESTION,BACKHAUL_CONGESTION,0.95,,False,"Zero-shot heuristic, no retrieval"
win-00505,TIMING_SYNC_LOSS,TIMING_SYNC_LOSS,0.95,,False,"Zero-shot heuristic, no retrieval"
win-01124,NEIGHBOR_LIST_MISCONFIG,BACKHAUL_CONGESTION,0.6499999999999999,,False,"Zero-shot heuristic, no retrieval"
win-02281,BACKHAUL_CONGESTION,BACKHAUL_CONGESTION,0.75,,False,"Zero-shot heuristic, no retrieval"
win-00707,COOLING_SYSTEM_FAILURE,HARDWARE_DEGRADATION,0.55,,False,"Zero-shot heuristic, no retrieval"
win-02747,COOLING_SYSTEM_FAILURE,HARDWARE_DEGRADATION,0.6499999999999999,,False,"Zero-shot heuristic, no retrieval"
win-00878,COOLING_SYSTEM_FAILURE,BACKHAUL_CONGESTION,0.6499999999999999,,False,"Zero-shot heuristic, no retrieval"
win-02567,NEIGHBOR_LIST_MISCONFIG,NEIGHBOR_LIST_MISCONFIG,0.6499999999999999,,False,"Zero-shot heuristic, no retrieval"
win-01057,VNF_CPU_EXHAUSTION,VNF_CPU_EXHAUSTION,0.95,,False,"Zero-shot heuristic, no retrieval"
win-00345,POWER_AMPLIFIER_FAULT,POWER_AMPLIFIER_FAULT,0.95,,False,"Zero-shot heuristic, no retrieval"
win-02634,COOLING_SYSTEM_FAILURE,HARDWARE_DEGRADATION,0.55,,False,"Zero-shot heuristic, no retrieval"
win-03701,PCI_COLLISION,PCI_COLLISION,0.95,,False,"Zero-shot heuristic, no retrieval"
win-01507,OVERLOAD_ADMISSION_CONTROL,OVERLOAD_ADMISSION_CONTROL,0.6499999999999999,,False,"Zero-shot heuristic, no retrieval"
win-01183,INTERFERENCE_SPIKE,BACKHAUL_CONGESTION,0.95,,False,"Zero-shot heuristic, no retrieval"
win-01353,SLICE_QOS_POLICY_ERROR,VNF_CPU_EXHAUSTION,0.55,,False,"Zero-shot heuristic, no retrieval"
win-01009,COOLING_SYSTEM_FAILURE,HARDWARE_DEGRADATION,0.55,,False,"Zero-shot heuristic, no retrieval"
win-00447,DNS_RESOLUTION_FAILURE,BACKHAUL_CONGESTION,0.95,,False,"Zero-shot heuristic, no retrieval"
win-00728,BACKHAUL_CONGESTION,BACKHAUL_CONGESTION,0.55,,False,"Zero-shot heuristic, no retrieval"
win-00844,S1_NG_INTERFACE_FLAP,S1_NG_INTERFACE_FLAP,0.6499999999999999,,False,"Zero-shot heuristic, no retrieval"
win-02117,S1_NG_INTERFACE_FLAP,S1_NG_INTERFACE_FLAP,0.95,,False,"Zero-shot heuristic, no retrieval"
win-00714,HARDWARE_DEGRADATION,HARDWARE_DEGRADATION,0.95,,False,"Zero-shot heuristic, no retrieval"
win-00951,HANDOVER_PARAM_MISCONFIG,BACKHAUL_CONGESTION,0.6499999999999999,,False,"Zero-shot heuristic, no retrieval"
win-03538,DNS_RESOLUTION_FAILURE,TIMING_SYNC_LOSS,0.95,,False,"Zero-shot heuristic, no retrieval"
win-00749,CONFIG_ROLLBACK_REQUIRED,CONFIG_ROLLBACK_REQUIRED,0.95,,False,"Zero-shot heuristic, no retrieval"
win-00246,TIMING_SYNC_LOSS,BACKHAUL_CONGESTION,0.55,,False,"Zero-shot heuristic, no retrieval"
win-03526,S1_NG_INTERFACE_FLAP,CONFIG_ROLLBACK_REQUIRED,0.95,,False,"Zero-shot heuristic, no retrieval"
win-00432,OVERLOAD_ADMISSION_CONTROL,NEIGHBOR_LIST_MISCONFIG,0.6499999999999999,,False,"Zero-shot heuristic, no retrieval"
win-01876,BACKHAUL_CONGESTION,BACKHAUL_CONGESTION,0.95,,False,"Zero-shot heuristic, no retrieval"
win-00255,BACKHAUL_CONGESTION,BACKHAUL_CONGESTION,0.6499999999999999,,False,"Zero-shot heuristic, no retrieval"
win-01699,TIMING_SYNC_LOSS,PCI_COLLISION,0.6499999999999999,,False,"Zero-shot heuristic, no retrieval"
win-01127,HARDWARE_DEGRADATION,HARDWARE_DEGRADATION,0.6499999999999999,,False,"Zero-shot heuristic, no retrieval"
win-00067,TIMING_SYNC_LOSS,TIMING_SYNC_LOSS,0.95,,False,"Zero-shot heuristic, no retrieval"
win-03059,INTERFERENCE_SPIKE,INTERFERENCE_SPIKE,0.95,,False,"Zero-shot heuristic, no retrieval"
win-03815,BACKHAUL_CONGESTION,BACKHAUL_CONGESTION,0.6499999999999999,,False,"Zero-shot heuristic, no retrieval"
win-00996,TIMING_SYNC_LOSS,TIMING_SYNC_LOSS,0.95,,False,"Zero-shot heuristic, no retrieval"
win-01178,SLICE_QOS_POLICY_ERROR,PCI_COLLISION,0.95,,False,"Zero-shot heuristic, no retrieval"
win-01856,SLICE_QOS_POLICY_ERROR,NEIGHBOR_LIST_MISCONFIG,0.95,,False,"Zero-shot heuristic, no retrieval"
win-02725,S1_NG_INTERFACE_FLAP,VNF_CPU_EXHAUSTION,0.6499999999999999,,False,"Zero-shot heuristic, no retrieval"
win-02806,HANDOVER_PARAM_MISCONFIG,HANDOVER_PARAM_MISCONFIG,0.6499999999999999,,False,"Zero-shot heuristic, no retrieval"
win-01622,HANDOVER_PARAM_MISCONFIG,PCI_COLLISION,0.95,,False,"Zero-shot heuristic, no retrieval"
win-02050,VNF_CPU_EXHAUSTION,VNF_CPU_EXHAUSTION,0.95,,False,"Zero-shot heuristic, no retrieval"
win-01872,VNF_CPU_EXHAUSTION,VNF_CPU_EXHAUSTION,0.6499999999999999,,False,"Zero-shot heuristic, no retrieval"
win-00003,INTERFERENCE_SPIKE,INTERFERENCE_SPIKE,0.6499999999999999,,False,"Zero-shot heuristic, no retrieval"
win-01731,OVERLOAD_ADMISSION_CONTROL,OVERLOAD_ADMISSION_CONTROL,0.6499999999999999,,False,"Zero-shot heuristic, no retrieval"
win-02388,DNS_RESOLUTION_FAILURE,DNS_RESOLUTION_FAILURE,0.95,,False,"Zero-shot heuristic, no retrieval"
win-01911,BACKHAUL_CONGESTION,BACKHAUL_CONGESTION,0.95,,False,"Zero-shot heuristic, no retrieval"
win-01167,COOLING_SYSTEM_FAILURE,NEIGHBOR_LIST_MISCONFIG,0.55,,False,"Zero-shot heuristic, no retrieval"
win-00694,SLICE_QOS_POLICY_ERROR,S1_NG_INTERFACE_FLAP,0.95,,False,"Zero-shot heuristic, no retrieval"
win-03147,NEIGHBOR_LIST_MISCONFIG,DNS_RESOLUTION_FAILURE,0.95,,False,"Zero-shot heuristic, no retrieval"
win-01379,PCI_COLLISION,OVERLOAD_ADMISSION_CONTROL,0.6499999999999999,,False,"Zero-shot heuristic, no retrieval"
win-01211,TIMING_SYNC_LOSS,TIMING_SYNC_LOSS,0.95,,False,"Zero-shot heuristic, no retrieval"
win-00103,TIMING_SYNC_LOSS,TIMING_SYNC_LOSS,0.6499999999999999,,False,"Zero-shot heuristic, no retrieval"
win-02361,CONFIG_ROLLBACK_REQUIRED,INTERFERENCE_SPIKE,0.55,,False,"Zero-shot heuristic, no retrieval"
win-01851,FRONTHAUL_JITTER,VNF_CPU_EXHAUSTION,0.6499999999999999,,False,"Zero-shot heuristic, no retrieval"
win-01526,SLICE_QOS_POLICY_ERROR,CONFIG_ROLLBACK_REQUIRED,0.95,,False,"Zero-shot heuristic, no retrieval"
win-03896,HARDWARE_DEGRADATION,HARDWARE_DEGRADATION,0.95,,False,"Zero-shot heuristic, no retrieval"
win-03350,HARDWARE_DEGRADATION,BACKHAUL_CONGESTION,0.95,,False,"Zero-shot heuristic, no retrieval"
win-03338,FRONTHAUL_JITTER,OVERLOAD_ADMISSION_CONTROL,0.55,,False,"Zero-shot heuristic, no retrieval"
win-00477,PCI_COLLISION,PCI_COLLISION,0.95,,False,"Zero-shot heuristic, no retrieval"
win-00772,TIMING_SYNC_LOSS,BACKHAUL_CONGESTION,0.6499999999999999,,False,"Zero-shot heuristic, no retrieval"
win-02034,OVERLOAD_ADMISSION_CONTROL,PCI_COLLISION,0.35,,False,"Zero-shot heuristic, no retrieval"
win-03869,HANDOVER_PARAM_MISCONFIG,POWER_AMPLIFIER_FAULT,0.95,,False,"Zero-shot heuristic, no retrieval"
win-02304,HANDOVER_PARAM_MISCONFIG,SLICE_QOS_POLICY_ERROR,0.95,,False,"Zero-shot heuristic, no retrieval"
win-03888,POWER_AMPLIFIER_FAULT,PCI_COLLISION,0.35,,False,"Zero-shot heuristic, no retrieval"
win-00048,COOLING_SYSTEM_FAILURE,CONFIG_ROLLBACK_REQUIRED,0.6499999999999999,,False,"Zero-shot heuristic, no retrieval"
win-02716,SLICE_QOS_POLICY_ERROR,SLICE_QOS_POLICY_ERROR,0.6499999999999999,,False,"Zero-shot heuristic, no retrieval"
win-01664,FRONTHAUL_JITTER,OVERLOAD_ADMISSION_CONTROL,0.6499999999999999,,False,"Zero-shot heuristic, no retrieval"
win-02972,SLICE_QOS_POLICY_ERROR,HANDOVER_PARAM_MISCONFIG,0.95,,False,"Zero-shot heuristic, no retrieval"
win-01188,S1_NG_INTERFACE_FLAP,S1_NG_INTERFACE_FLAP,0.95,,False,"Zero-shot heuristic, no retrieval"
win-03336,COOLING_SYSTEM_FAILURE,HARDWARE_DEGRADATION,0.6499999999999999,,False,"Zero-shot heuristic, no retrieval"
win-03814,CONFIG_ROLLBACK_REQUIRED,PCI_COLLISION,0.95,,False,"Zero-shot heuristic, no retrieval"
win-03768,POWER_AMPLIFIER_FAULT,BACKHAUL_CONGESTION,0.95,,False,"Zero-shot heuristic, no retrieval"
win-02179,COOLING_SYSTEM_FAILURE,HARDWARE_DEGRADATION,0.6499999999999999,,False,"Zero-shot heuristic, no retrieval"
win-02860,NEIGHBOR_LIST_MISCONFIG,NEIGHBOR_LIST_MISCONFIG,0.6499999999999999,,False,"Zero-shot heuristic, no retrieval"
win-01045,NEIGHBOR_LIST_MISCONFIG,BACKHAUL_CONGESTION,0.6499999999999999,,False,"Zero-shot heuristic, no retrieval"
win-02402,S1_NG_INTERFACE_FLAP,S1_NG_INTERFACE_FLAP,0.6499999999999999,,False,"Zero-shot heuristic, no retrieval"
win-03699,POWER_AMPLIFIER_FAULT,TIMING_SYNC_LOSS,0.95,,False,"Zero-shot heuristic, no retrieval"
win-02625,OVERLOAD_ADMISSION_CONTROL,TIMING_SYNC_LOSS,0.95,,False,"Zero-shot heuristic, no retrieval"
win-00637,BACKHAUL_CONGESTION,BACKHAUL_CONGESTION,0.6499999999999999,,False,"Zero-shot heuristic, no retrieval"
win-02269,DNS_RESOLUTION_FAILURE,INTERFERENCE_SPIKE,0.6499999999999999,,False,"Zero-shot heuristic, no retrieval"
win-01669,CONFIG_ROLLBACK_REQUIRED,CONFIG_ROLLBACK_REQUIRED,0.95,,False,"Zero-shot heuristic, no retrieval"
win-00146,DNS_RESOLUTION_FAILURE,S1_NG_INTERFACE_FLAP,0.95,,False,"Zero-shot heuristic, no retrieval"
win-02027,CONFIG_ROLLBACK_REQUIRED,BACKHAUL_CONGESTION,0.6499999999999999,,False,"Zero-shot heuristic, no retrieval"
win-02589,FRONTHAUL_JITTER,FRONTHAUL_JITTER,0.95,,False,"Zero-shot heuristic, no retrieval"
win-03782,HANDOVER_PARAM_MISCONFIG,PCI_COLLISION,0.35,,False,"Zero-shot heuristic, no retrieval"
win-00318,FRONTHAUL_JITTER,S1_NG_INTERFACE_FLAP,0.6499999999999999,,False,"Zero-shot heuristic, no retrieval"
win-03332,NEIGHBOR_LIST_MISCONFIG,BACKHAUL_CONGESTION,0.95,,False,"Zero-shot heuristic, no retrieval"
win-03346,SLICE_QOS_POLICY_ERROR,DNS_RESOLUTION_FAILURE,0.6499999999999999,,False,"Zero-shot heuristic, no retrieval"
win-03627,BACKHAUL_CONGESTION,BACKHAUL_CONGESTION,0.75,,False,"Zero-shot heuristic, no retrieval"
win-00178,DNS_RESOLUTION_FAILURE,PCI_COLLISION,0.35,,False,"Zero-shot heuristic, no retrieval"
win-02650,SLICE_QOS_POLICY_ERROR,BACKHAUL_CONGESTION,0.95,,False,"Zero-shot heuristic, no retrieval"
win-01785,INTERFERENCE_SPIKE,POWER_AMPLIFIER_FAULT,0.95,,False,"Zero-shot heuristic, no retrieval"
win-03809,SLICE_QOS_POLICY_ERROR,PCI_COLLISION,0.35,,False,"Zero-shot heuristic, no retrieval"
win-00674,BACKHAUL_CONGESTION,PCI_COLLISION,0.55,,False,"Zero-shot heuristic, no retrieval"
win-02961,HANDOVER_PARAM_MISCONFIG,PCI_COLLISION,0.35,,False,"Zero-shot heuristic, no retrieval"
win-01627,COOLING_SYSTEM_FAILURE,HARDWARE_DEGRADATION,0.95,,False,"Zero-shot heuristic, no retrieval"
win-02202,FRONTHAUL_JITTER,POWER_AMPLIFIER_FAULT,0.95,,False,"Zero-shot heuristic, no retrieval"
win-01865,OVERLOAD_ADMISSION_CONTROL,PCI_COLLISION,0.35,,False,"Zero-shot heuristic, no retrieval"
win-01917,FRONTHAUL_JITTER,FRONTHAUL_JITTER,0.95,,False,"Zero-shot heuristic, no retrieval"
win-02832,HANDOVER_PARAM_MISCONFIG,PCI_COLLISION,0.35,,False,"Zero-shot heuristic, no retrieval"
win-01120,DNS_RESOLUTION_FAILURE,DNS_RESOLUTION_FAILURE,0.95,,False,"Zero-shot heuristic, no retrieval"
win-00988,DNS_RESOLUTION_FAILURE,DNS_RESOLUTION_FAILURE,0.95,,False,"Zero-shot heuristic, no retrieval"
win-00494,OVERLOAD_ADMISSION_CONTROL,OVERLOAD_ADMISSION_CONTROL,0.95,,False,"Zero-shot heuristic, no retrieval"
win-00143,SLICE_QOS_POLICY_ERROR,HARDWARE_DEGRADATION,0.6499999999999999,,False,"Zero-shot heuristic, no retrieval"
win-00612,DNS_RESOLUTION_FAILURE,DNS_RESOLUTION_FAILURE,0.95,,False,"Zero-shot heuristic, no retrieval"
win-01417,HANDOVER_PARAM_MISCONFIG,NEIGHBOR_LIST_MISCONFIG,0.6499999999999999,,False,"Zero-shot heuristic, no retrieval"
win-01573,HANDOVER_PARAM_MISCONFIG,PCI_COLLISION,0.35,,False,"Zero-shot heuristic, no retrieval"
win-02549,NEIGHBOR_LIST_MISCONFIG,DNS_RESOLUTION_FAILURE,0.95,,False,"Zero-shot heuristic, no retrieval"
win-03547,HARDWARE_DEGRADATION,HARDWARE_DEGRADATION,0.6499999999999999,,False,"Zero-shot heuristic, no retrieval"
win-00785,VNF_CPU_EXHAUSTION,VNF_CPU_EXHAUSTION,0.6499999999999999,,False,"Zero-shot heuristic, no retrieval"
win-00410,VNF_CPU_EXHAUSTION,TIMING_SYNC_LOSS,0.95,,False,"Zero-shot heuristic, no retrieval"
win-02894,VNF_CPU_EXHAUSTION,VNF_CPU_EXHAUSTION,0.95,,False,"Zero-shot heuristic, no retrieval"
win-02194,COOLING_SYSTEM_FAILURE,HARDWARE_DEGRADATION,0.6499999999999999,,False,"Zero-shot heuristic, no retrieval"
win-03822,FRONTHAUL_JITTER,PCI_COLLISION,0.6499999999999999,,False,"Zero-shot heuristic, no retrieval"
win-00663,VNF_CPU_EXHAUSTION,VNF_CPU_EXHAUSTION,0.95,,False,"Zero-shot heuristic, no retrieval"
win-00703,HARDWARE_DEGRADATION,HARDWARE_DEGRADATION,0.95,,False,"Zero-shot heuristic, no retrieval"
win-02564,SLICE_QOS_POLICY_ERROR,S1_NG_INTERFACE_FLAP,0.95,,False,"Zero-shot heuristic, no retrieval"
win-03709,S1_NG_INTERFACE_FLAP,SLICE_QOS_POLICY_ERROR,0.95,,False,"Zero-shot heuristic, no retrieval"
win-00063,INTERFERENCE_SPIKE,INTERFERENCE_SPIKE,0.95,,False,"Zero-shot heuristic, no retrieval"
win-03741,POWER_AMPLIFIER_FAULT,DNS_RESOLUTION_FAILURE,0.95,,False,"Zero-shot heuristic, no retrieval"
win-03075,CONFIG_ROLLBACK_REQUIRED,S1_NG_INTERFACE_FLAP,0.6499999999999999,,False,"Zero-shot heuristic, no retrieval"
win-00363,FRONTHAUL_JITTER,TIMING_SYNC_LOSS,0.6499999999999999,,False,"Zero-shot heuristic, no retrieval"
win-00550,OVERLOAD_ADMISSION_CONTROL,HANDOVER_PARAM_MISCONFIG,0.6499999999999999,,False,"Zero-shot heuristic, no retrieval"
win-03160,S1_NG_INTERFACE_FLAP,S1_NG_INTERFACE_FLAP,0.55,,False,"Zero-shot heuristic, no retrieval"
win-02506,HANDOVER_PARAM_MISCONFIG,INTERFERENCE_SPIKE,0.6499999999999999,,False,"Zero-shot heuristic, no retrieval"
win-00677,HARDWARE_DEGRADATION,HARDWARE_DEGRADATION,0.6499999999999999,,False,"Zero-shot heuristic, no retrieval"
win-03944,TIMING_SYNC_LOSS,INTERFERENCE_SPIKE,0.95,,False,"Zero-shot heuristic, no retrieval"
win-00955,OVERLOAD_ADMISSION_CONTROL,OVERLOAD_ADMISSION_CONTROL,0.6499999999999999,,False,"Zero-shot heuristic, no retrieval"
win-03063,S1_NG_INTERFACE_FLAP,CONFIG_ROLLBACK_REQUIRED,0.95,,False,"Zero-shot heuristic, no retrieval"
win-00793,POWER_AMPLIFIER_FAULT,POWER_AMPLIFIER_FAULT,0.95,,False,"Zero-shot heuristic, no retrieval"
win-03801,FRONTHAUL_JITTER,PCI_COLLISION,0.6499999999999999,,False,"Zero-shot heuristic, no retrieval"
win-00073,VNF_CPU_EXHAUSTION,VNF_CPU_EXHAUSTION,0.6499999999999999,,False,"Zero-shot heuristic, no retrieval"
win-01600,POWER_AMPLIFIER_FAULT,POWER_AMPLIFIER_FAULT,0.95,,False,"Zero-shot heuristic, no retrieval"
win-02970,S1_NG_INTERFACE_FLAP,PCI_COLLISION,0.35,,False,"Zero-shot heuristic, no retrieval"
win-01764,BACKHAUL_CONGESTION,BACKHAUL_CONGESTION,0.6499999999999999,,False,"Zero-shot heuristic, no retrieval"
win-01187,SLICE_QOS_POLICY_ERROR,SLICE_QOS_POLICY_ERROR,0.95,,False,"Zero-shot heuristic, no retrieval"
win-03710,PCI_COLLISION,PCI_COLLISION,0.6499999999999999,,False,"Zero-shot heuristic, no retrieval"
win-00483,INTERFERENCE_SPIKE,INTERFERENCE_SPIKE,0.6499999999999999,,False,"Zero-shot heuristic, no retrieval"
win-00978,TIMING_SYNC_LOSS,TIMING_SYNC_LOSS,0.6499999999999999,,False,"Zero-shot heuristic, no retrieval"
win-00983,CONFIG_ROLLBACK_REQUIRED,PCI_COLLISION,0.35,,False,"Zero-shot heuristic, no retrieval"
win-00046,POWER_AMPLIFIER_FAULT,PCI_COLLISION,0.35,,False,"Zero-shot heuristic, no retrieval"
win-01116,CONFIG_ROLLBACK_REQUIRED,SLICE_QOS_POLICY_ERROR,0.95,,False,"Zero-shot heuristic, no retrieval"
win-00744,NEIGHBOR_LIST_MISCONFIG,NEIGHBOR_LIST_MISCONFIG,0.95,,False,"Zero-shot heuristic, no retrieval"
win-02955,POWER_AMPLIFIER_FAULT,POWER_AMPLIFIER_FAULT,0.6499999999999999,,False,"Zero-shot heuristic, no retrieval"
win-01359,HANDOVER_PARAM_MISCONFIG,BACKHAUL_CONGESTION,0.55,,False,"Zero-shot heuristic, no retrieval"
win-01336,HANDOVER_PARAM_MISCONFIG,HANDOVER_PARAM_MISCONFIG,0.6499999999999999,,False,"Zero-shot heuristic, no retrieval"
win-01794,NEIGHBOR_LIST_MISCONFIG,NEIGHBOR_LIST_MISCONFIG,0.95,,False,"Zero-shot heuristic, no retrieval"
win-03447,NEIGHBOR_LIST_MISCONFIG,NEIGHBOR_LIST_MISCONFIG,0.6499999999999999,,False,"Zero-shot heuristic, no retrieval"
win-03007,VNF_CPU_EXHAUSTION,PCI_COLLISION,0.35,,False,"Zero-shot heuristic, no retrieval"
win-01943,POWER_AMPLIFIER_FAULT,POWER_AMPLIFIER_FAULT,0.95,,False,"Zero-shot heuristic, no retrieval"
win-03541,HARDWARE_DEGRADATION,HARDWARE_DEGRADATION,0.95,,False,"Zero-shot heuristic, no retrieval"
win-00665,PCI_COLLISION,PCI_COLLISION,0.95,,False,"Zero-shot heuristic, no retrieval"
win-01051,INTERFERENCE_SPIKE,INTERFERENCE_SPIKE,0.95,,False,"Zero-shot heuristic, no retrieval"
win-00560,TIMING_SYNC_LOSS,BACKHAUL_CONGESTION,0.95,,False,"Zero-shot heuristic, no retrieval"
win-01189,DNS_RESOLUTION_FAILURE,DNS_RESOLUTION_FAILURE,0.95,,False,"Zero-shot heuristic, no retrieval"
win-01965,S1_NG_INTERFACE_FLAP,BACKHAUL_CONGESTION,0.6499999999999999,,False,"Zero-shot heuristic, no retrieval"
win-02734,TIMING_SYNC_LOSS,CONFIG_ROLLBACK_REQUIRED,0.95,,False,"Zero-shot heuristic, no retrieval"
win-01156,POWER_AMPLIFIER_FAULT,OVERLOAD_ADMISSION_CONTROL,0.95,,False,"Zero-shot heuristic, no retrieval"
win-03359,POWER_AMPLIFIER_FAULT,INTERFERENCE_SPIKE,0.55,,False,"Zero-shot heuristic, no retrieval"
win-03608,INTERFERENCE_SPIKE,S1_NG_INTERFACE_FLAP,0.95,,False,"Zero-shot heuristic, no retrieval"
win-00139,BACKHAUL_CONGESTION,BACKHAUL_CONGESTION,0.95,,False,"Zero-shot heuristic, no retrieval"
win-03904,HARDWARE_DEGRADATION,HARDWARE_DEGRADATION,0.6499999999999999,,False,"Zero-shot heuristic, no retrieval"
win-03403,CONFIG_ROLLBACK_REQUIRED,INTERFERENCE_SPIKE,0.95,,False,"Zero-shot heuristic, no retrieval"
win-00244,TIMING_SYNC_LOSS,TIMING_SYNC_LOSS,0.95,,False,"Zero-shot heuristic, no retrieval"
win-02130,POWER_AMPLIFIER_FAULT,INTERFERENCE_SPIKE,0.55,,False,"Zero-shot heuristic, no retrieval"
win-01190,FRONTHAUL_JITTER,FRONTHAUL_JITTER,0.95,,False,"Zero-shot heuristic, no retrieval"
win-00796,SLICE_QOS_POLICY_ERROR,INTERFERENCE_SPIKE,0.95,,False,"Zero-shot heuristic, no retrieval"
win-00901,PCI_COLLISION,PCI_COLLISION,0.95,,False,"Zero-shot heuristic, no retrieval"
win-01949,POWER_AMPLIFIER_FAULT,PCI_COLLISION,0.35,,False,"Zero-shot heuristic, no retrieval"
win-01302,INTERFERENCE_SPIKE,PCI_COLLISION,0.6499999999999999,,False,"Zero-shot heuristic, no retrieval"
win-01370,DNS_RESOLUTION_FAILURE,PCI_COLLISION,0.6499999999999999,,False,"Zero-shot heuristic, no retrieval"
win-00753,DNS_RESOLUTION_FAILURE,PCI_COLLISION,0.35,,False,"Zero-shot heuristic, no retrieval"
win-02904,VNF_CPU_EXHAUSTION,VNF_CPU_EXHAUSTION,0.95,,False,"Zero-shot heuristic, no retrieval"
win-02912,S1_NG_INTERFACE_FLAP,PCI_COLLISION,0.35,,False,"Zero-shot heuristic, no retrieval"
win-02016,SLICE_QOS_POLICY_ERROR,TIMING_SYNC_LOSS,0.6499999999999999,,False,"Zero-shot heuristic, no retrieval"
win-02338,PCI_COLLISION,PCI_COLLISION,0.6499999999999999,,False,"Zero-shot heuristic, no retrieval"
win-00367,PCI_COLLISION,PCI_COLLISION,0.95,,False,"Zero-shot heuristic, no retrieval"
win-01333,VNF_CPU_EXHAUSTION,VNF_CPU_EXHAUSTION,0.6499999999999999,,False,"Zero-shot heuristic, no retrieval"
win-03436,TIMING_SYNC_LOSS,TIMING_SYNC_LOSS,0.6499999999999999,,False,"Zero-shot heuristic, no retrieval"
win-01440,COOLING_SYSTEM_FAILURE,S1_NG_INTERFACE_FLAP,0.6499999999999999,,False,"Zero-shot heuristic, no retrieval"
win-00355,POWER_AMPLIFIER_FAULT,POWER_AMPLIFIER_FAULT,0.95,,False,"Zero-shot heuristic, no retrieval"
win-01149,HARDWARE_DEGRADATION,HANDOVER_PARAM_MISCONFIG,0.6499999999999999,,False,"Zero-shot heuristic, no retrieval"
win-03763,BACKHAUL_CONGESTION,BACKHAUL_CONGESTION,0.95,,False,"Zero-shot heuristic, no retrieval"
win-03513,OVERLOAD_ADMISSION_CONTROL,TIMING_SYNC_LOSS,0.6499999999999999,,False,"Zero-shot heuristic, no retrieval"
win-03797,NEIGHBOR_LIST_MISCONFIG,BACKHAUL_CONGESTION,0.95,,False,"Zero-shot heuristic, no retrieval"
win-01263,S1_NG_INTERFACE_FLAP,FRONTHAUL_JITTER,0.6499999999999999,,False,"Zero-shot heuristic, no retrieval"
win-01405,POWER_AMPLIFIER_FAULT,OVERLOAD_ADMISSION_CONTROL,0.95,,False,"Zero-shot heuristic, no retrieval"
win-00999,HARDWARE_DEGRADATION,HARDWARE_DEGRADATION,0.6499999999999999,,False,"Zero-shot heuristic, no retrieval"
win-00640,COOLING_SYSTEM_FAILURE,HARDWARE_DEGRADATION,0.6499999999999999,,False,"Zero-shot heuristic, no retrieval"
win-00291,DNS_RESOLUTION_FAILURE,NEIGHBOR_LIST_MISCONFIG,0.55,,False,"Zero-shot heuristic, no retrieval"
win-03919,OVERLOAD_ADMISSION_CONTROL,VNF_CPU_EXHAUSTION,0.95,,False,"Zero-shot heuristic, no retrieval"
win-00621,DNS_RESOLUTION_FAILURE,PCI_COLLISION,0.6499999999999999,,False,"Zero-shot heuristic, no retrieval"
win-00016,POWER_AMPLIFIER_FAULT,POWER_AMPLIFIER_FAULT,0.6499999999999999,,False,"Zero-shot heuristic, no retrieval"
win-03270,SLICE_QOS_POLICY_ERROR,SLICE_QOS_POLICY_ERROR,0.95,,False,"Zero-shot heuristic, no retrieval"
win-03690,TIMING_SYNC_LOSS,PCI_COLLISION,0.35,,False,"Zero-shot heuristic, no retrieval"
win-02319,NEIGHBOR_LIST_MISCONFIG,PCI_COLLISION,0.35,,False,"Zero-shot heuristic, no retrieval"
win-02945,S1_NG_INTERFACE_FLAP,PCI_COLLISION,0.35,,False,"Zero-shot heuristic, no retrieval"
win-01980,PCI_COLLISION,PCI_COLLISION,0.35,,False,"Zero-shot heuristic, no retrieval"
win-03218,VNF_CPU_EXHAUSTION,VNF_CPU_EXHAUSTION,0.95,,False,"Zero-shot heuristic, no retrieval"
win-01261,VNF_CPU_EXHAUSTION,VNF_CPU_EXHAUSTION,0.95,,False,"Zero-shot heuristic, no retrieval"
win-02104,OVERLOAD_ADMISSION_CONTROL,OVERLOAD_ADMISSION_CONTROL,0.95,,False,"Zero-shot heuristic, no retrieval"
win-00390,OVERLOAD_ADMISSION_CONTROL,OVERLOAD_ADMISSION_CONTROL,0.95,,False,"Zero-shot heuristic, no retrieval"
win-01515,OVERLOAD_ADMISSION_CONTROL,POWER_AMPLIFIER_FAULT,0.6499999999999999,,False,"Zero-shot heuristic, no retrieval"
win-03691,DNS_RESOLUTION_FAILURE,HANDOVER_PARAM_MISCONFIG,0.95,,False,"Zero-shot heuristic, no retrieval"
win-01708,POWER_AMPLIFIER_FAULT,PCI_COLLISION,0.35,,False,"Zero-shot heuristic, no retrieval"
win-00977,S1_NG_INTERFACE_FLAP,PCI_COLLISION,0.35,,False,"Zero-shot heuristic, no retrieval"
win-01993,VNF_CPU_EXHAUSTION,VNF_CPU_EXHAUSTION,0.95,,False,"Zero-shot heuristic, no retrieval"
win-01926,COOLING_SYSTEM_FAILURE,HARDWARE_DEGRADATION,0.6499999999999999,,False,"Zero-shot heuristic, no retrieval"
win-00608,VNF_CPU_EXHAUSTION,VNF_CPU_EXHAUSTION,0.6499999999999999,,False,"Zero-shot heuristic, no retrieval"
win-00102,SLICE_QOS_POLICY_ERROR,BACKHAUL_CONGESTION,0.6499999999999999,,False,"Zero-shot heuristic, no retrieval"
win-02215,BACKHAUL_CONGESTION,BACKHAUL_CONGESTION,0.6499999999999999,,False,"Zero-shot heuristic, no retrieval"
win-02880,FRONTHAUL_JITTER,S1_NG_INTERFACE_FLAP,0.95,,False,"Zero-shot heuristic, no retrieval"
win-00405,BACKHAUL_CONGESTION,PCI_COLLISION,0.6499999999999999,,False,"Zero-shot heuristic, no retrieval"
win-03902,S1_NG_INTERFACE_FLAP,NEIGHBOR_LIST_MISCONFIG,0.6499999999999999,,False,"Zero-shot heuristic, no retrieval"
win-03620,S1_NG_INTERFACE_FLAP,BACKHAUL_CONGESTION,0.6499999999999999,,False,"Zero-shot heuristic, no retrieval"
win-01992,POWER_AMPLIFIER_FAULT,POWER_AMPLIFIER_FAULT,0.6499999999999999,,False,"Zero-shot heuristic, no retrieval"
win-01711,HARDWARE_DEGRADATION,HARDWARE_DEGRADATION,0.6499999999999999,,False,"Zero-shot heuristic, no retrieval"
win-03644,VNF_CPU_EXHAUSTION,CONFIG_ROLLBACK_REQUIRED,0.95,,False,"Zero-shot heuristic, no retrieval"
win-03595,POWER_AMPLIFIER_FAULT,POWER_AMPLIFIER_FAULT,0.55,,False,"Zero-shot heuristic, no retrieval"
win-00855,HARDWARE_DEGRADATION,BACKHAUL_CONGESTION,0.95,,False,"Zero-shot heuristic, no retrieval"
win-02847,TIMING_SYNC_LOSS,BACKHAUL_CONGESTION,0.55,,False,"Zero-shot heuristic, no retrieval"
win-02167,VNF_CPU_EXHAUSTION,VNF_CPU_EXHAUSTION,0.95,,False,"Zero-shot heuristic, no retrieval"
win-03707,PCI_COLLISION,POWER_AMPLIFIER_FAULT,0.95,,False,"Zero-shot heuristic, no retrieval"
win-00920,DNS_RESOLUTION_FAILURE,DNS_RESOLUTION_FAILURE,0.6499999999999999,,False,"Zero-shot heuristic, no retrieval"
win-01743,FRONTHAUL_JITTER,HARDWARE_DEGRADATION,0.6499999999999999,,False,"Zero-shot heuristic, no retrieval"
win-02892,HANDOVER_PARAM_MISCONFIG,VNF_CPU_EXHAUSTION,0.55,,False,"Zero-shot heuristic, no retrieval"
win-01901,VNF_CPU_EXHAUSTION,VNF_CPU_EXHAUSTION,0.55,,False,"Zero-shot heuristic, no retrieval"
win-02153,INTERFERENCE_SPIKE,HANDOVER_PARAM_MISCONFIG,0.6499999999999999,,False,"Zero-shot heuristic, no retrieval"
win-02494,HANDOVER_PARAM_MISCONFIG,HANDOVER_PARAM_MISCONFIG,0.95,,False,"Zero-shot heuristic, no retrieval"
win-03959,TIMING_SYNC_LOSS,TIMING_SYNC_LOSS,0.95,,False,"Zero-shot heuristic, no retrieval"
win-00404,INTERFERENCE_SPIKE,INTERFERENCE_SPIKE,0.6499999999999999,,False,"Zero-shot heuristic, no retrieval"
win-00860,SLICE_QOS_POLICY_ERROR,VNF_CPU_EXHAUSTION,0.6499999999999999,,False,"Zero-shot heuristic, no retrieval"
win-02959,VNF_CPU_EXHAUSTION,CONFIG_ROLLBACK_REQUIRED,0.95,,False,"Zero-shot heuristic, no retrieval"
win-02266,SLICE_QOS_POLICY_ERROR,PCI_COLLISION,0.35,,False,"Zero-shot heuristic, no retrieval"
win-02595,POWER_AMPLIFIER_FAULT,POWER_AMPLIFIER_FAULT,0.95,,False,"Zero-shot heuristic, no retrieval"
win-03026,S1_NG_INTERFACE_FLAP,S1_NG_INTERFACE_FLAP,0.95,,False,"Zero-shot heuristic, no retrieval"
win-01093,HANDOVER_PARAM_MISCONFIG,S1_NG_INTERFACE_FLAP,0.95,,False,"Zero-shot heuristic, no retrieval"
win-00251,HANDOVER_PARAM_MISCONFIG,HANDOVER_PARAM_MISCONFIG,0.95,,False,"Zero-shot heuristic, no retrieval"
win-02291,INTERFERENCE_SPIKE,INTERFERENCE_SPIKE,0.95,,False,"Zero-shot heuristic, no retrieval"
win-00406,INTERFERENCE_SPIKE,INTERFERENCE_SPIKE,0.6499999999999999,,False,"Zero-shot heuristic, no retrieval"
win-01499,OVERLOAD_ADMISSION_CONTROL,VNF_CPU_EXHAUSTION,0.6499999999999999,,False,"Zero-shot heuristic, no retrieval"
win-02733,SLICE_QOS_POLICY_ERROR,SLICE_QOS_POLICY_ERROR,0.95,,False,"Zero-shot heuristic, no retrieval"
win-01556,INTERFERENCE_SPIKE,INTERFERENCE_SPIKE,0.95,,False,"Zero-shot heuristic, no retrieval"
win-02813,PCI_COLLISION,PCI_COLLISION,0.6499999999999999,,False,"Zero-shot heuristic, no retrieval"
win-03696,CONFIG_ROLLBACK_REQUIRED,CONFIG_ROLLBACK_REQUIRED,0.95,,False,"Zero-shot heuristic, no retrieval"
win-02168,CONFIG_ROLLBACK_REQUIRED,BACKHAUL_CONGESTION,0.95,,False,"Zero-shot heuristic, no retrieval"
win-03452,COOLING_SYSTEM_FAILURE,HARDWARE_DEGRADATION,0.6499999999999999,,False,"Zero-shot heuristic, no retrieval"
win-03943,CONFIG_ROLLBACK_REQUIRED,BACKHAUL_CONGESTION,0.95,,False,"Zero-shot heuristic, no retrieval"
win-02739,TIMING_SYNC_LOSS,TIMING_SYNC_LOSS,0.95,,False,"Zero-shot heuristic, no retrieval"
win-03126,FRONTHAUL_JITTER,FRONTHAUL_JITTER,0.95,,False,"Zero-shot heuristic, no retrieval"
win-01464,COOLING_SYSTEM_FAILURE,COOLING_SYSTEM_FAILURE,0.95,,False,"Zero-shot heuristic, no retrieval"
win-01576,CONFIG_ROLLBACK_REQUIRED,POWER_AMPLIFIER_FAULT,0.95,,False,"Zero-shot heuristic, no retrieval"
win-03584,SLICE_QOS_POLICY_ERROR,DNS_RESOLUTION_FAILURE,0.95,,False,"Zero-shot heuristic, no retrieval"
win-01328,POWER_AMPLIFIER_FAULT,PCI_COLLISION,0.35,,False,"Zero-shot heuristic, no retrieval"
win-01491,BACKHAUL_CONGESTION,BACKHAUL_CONGESTION,0.75,,False,"Zero-shot heuristic, no retrieval"
win-02538,TIMING_SYNC_LOSS,TIMING_SYNC_LOSS,0.95,,False,"Zero-shot heuristic, no retrieval"
win-01071,OVERLOAD_ADMISSION_CONTROL,OVERLOAD_ADMISSION_CONTROL,0.95,,False,"Zero-shot heuristic, no retrieval"
win-00260,HARDWARE_DEGRADATION,INTERFERENCE_SPIKE,0.6499999999999999,,False,"Zero-shot heuristic, no retrieval"
win-01816,NEIGHBOR_LIST_MISCONFIG,NEIGHBOR_LIST_MISCONFIG,0.6499999999999999,,False,"Zero-shot heuristic, no retrieval"
win-03824,NEIGHBOR_LIST_MISCONFIG,NEIGHBOR_LIST_MISCONFIG,0.6499999999999999,,False,"Zero-shot heuristic, no retrieval"
win-02082,DNS_RESOLUTION_FAILURE,VNF_CPU_EXHAUSTION,0.95,,False,"Zero-shot heuristic, no retrieval"
win-00956,FRONTHAUL_JITTER,FRONTHAUL_JITTER,0.95,,False,"Zero-shot heuristic, no retrieval"
win-00969,DNS_RESOLUTION_FAILURE,SLICE_QOS_POLICY_ERROR,0.95,,False,"Zero-shot heuristic, no retrieval"
win-00436,TIMING_SYNC_LOSS,BACKHAUL_CONGESTION,0.95,,False,"Zero-shot heuristic, no retrieval"
win-03211,POWER_AMPLIFIER_FAULT,POWER_AMPLIFIER_FAULT,0.6499999999999999,,False,"Zero-shot heuristic, no retrieval"
win-02235,DNS_RESOLUTION_FAILURE,DNS_RESOLUTION_FAILURE,0.95,,False,"Zero-shot heuristic, no retrieval"
win-03671,BACKHAUL_CONGESTION,BACKHAUL_CONGESTION,0.95,,False,"Zero-shot heuristic, no retrieval"
win-03428,CONFIG_ROLLBACK_REQUIRED,SLICE_QOS_POLICY_ERROR,0.6499999999999999,,False,"Zero-shot heuristic, no retrieval"
win-03899,POWER_AMPLIFIER_FAULT,BACKHAUL_CONGESTION,0.6499999999999999,,False,"Zero-shot heuristic, no retrieval"
win-01176,BACKHAUL_CONGESTION,BACKHAUL_CONGESTION,0.6499999999999999,,False,"Zero-shot heuristic, no retrieval"
win-01003,COOLING_SYSTEM_FAILURE,POWER_AMPLIFIER_FAULT,0.6499999999999999,,False,"Zero-shot heuristic, no retrieval"
win-01554,HARDWARE_DEGRADATION,HARDWARE_DEGRADATION,0.55,,False,"Zero-shot heuristic, no retrieval"
win-02840,HARDWARE_DEGRADATION,BACKHAUL_CONGESTION,0.6499999999999999,,False,"Zero-shot heuristic, no retrieval"
win-02983,FRONTHAUL_JITTER,FRONTHAUL_JITTER,0.95,,False,"Zero-shot heuristic, no retrieval"
win-00164,HANDOVER_PARAM_MISCONFIG,PCI_COLLISION,0.35,,False,"Zero-shot heuristic, no retrieval"
win-03863,HARDWARE_DEGRADATION,HARDWARE_DEGRADATION,0.95,,False,"Zero-shot heuristic, no retrieval"
win-03034,OVERLOAD_ADMISSION_CONTROL,PCI_COLLISION,0.35,,False,"Zero-shot heuristic, no retrieval"
win-01134,HARDWARE_DEGRADATION,PCI_COLLISION,0.6499999999999999,,False,"Zero-shot heuristic, no retrieval"
win-03139,OVERLOAD_ADMISSION_CONTROL,CONFIG_ROLLBACK_REQUIRED,0.95,,False,"Zero-shot heuristic, no retrieval"
win-00715,NEIGHBOR_LIST_MISCONFIG,INTERFERENCE_SPIKE,0.6499999999999999,,False,"Zero-shot heuristic, no retrieval"
win-00010,S1_NG_INTERFACE_FLAP,S1_NG_INTERFACE_FLAP,0.6499999999999999,,False,"Zero-shot heuristic, no retrieval"
win-03550,FRONTHAUL_JITTER,FRONTHAUL_JITTER,0.95,,False,"Zero-shot heuristic, no retrieval"
win-01013,SLICE_QOS_POLICY_ERROR,SLICE_QOS_POLICY_ERROR,0.95,,False,"Zero-shot heuristic, no retrieval"
win-01870,POWER_AMPLIFIER_FAULT,POWER_AMPLIFIER_FAULT,0.95,,False,"Zero-shot heuristic, no retrieval"
win-03638,HANDOVER_PARAM_MISCONFIG,HANDOVER_PARAM_MISCONFIG,0.95,,False,"Zero-shot heuristic, no retrieval"
win-02196,CONFIG_ROLLBACK_REQUIRED,TIMING_SYNC_LOSS,0.6499999999999999,,False,"Zero-shot heuristic, no retrieval"
win-03021,HANDOVER_PARAM_MISCONFIG,PCI_COLLISION,0.35,,False,"Zero-shot heuristic, no retrieval"
win-00635,OVERLOAD_ADMISSION_CONTROL,HANDOVER_PARAM_MISCONFIG,0.95,,False,"Zero-shot heuristic, no retrieval"
win-02225,NEIGHBOR_LIST_MISCONFIG,VNF_CPU_EXHAUSTION,0.95,,False,"Zero-shot heuristic, no retrieval"
win-00394,S1_NG_INTERFACE_FLAP,INTERFERENCE_SPIKE,0.95,,False,"Zero-shot heuristic, no retrieval"
win-03735,NEIGHBOR_LIST_MISCONFIG,BACKHAUL_CONGESTION,0.6499999999999999,,False,"Zero-shot heuristic, no retrieval"
win-03333,OVERLOAD_ADMISSION_CONTROL,PCI_COLLISION,0.35,,False,"Zero-shot heuristic, no retrieval"
win-03839,SLICE_QOS_POLICY_ERROR,BACKHAUL_CONGESTION,0.95,,False,"Zero-shot heuristic, no retrieval"
win-03842,PCI_COLLISION,PCI_COLLISION,0.95,,False,"Zero-shot heuristic, no retrieval"
win-03702,HANDOVER_PARAM_MISCONFIG,HANDOVER_PARAM_MISCONFIG,0.95,,False,"Zero-shot heuristic, no retrieval"
win-00688,INTERFERENCE_SPIKE,PCI_COLLISION,0.35,,False,"Zero-shot heuristic, no retrieval"
win-01630,SLICE_QOS_POLICY_ERROR,PCI_COLLISION,0.35,,False,"Zero-shot heuristic, no retrieval"
win-02134,COOLING_SYSTEM_FAILURE,COOLING_SYSTEM_FAILURE,0.95,,False,"Zero-shot heuristic, no retrieval"
win-00778,PCI_COLLISION,PCI_COLLISION,0.55,,False,"Zero-shot heuristic, no retrieval"
win-02631,DNS_RESOLUTION_FAILURE,DNS_RESOLUTION_FAILURE,0.95,,False,"Zero-shot heuristic, no retrieval"
win-03779,VNF_CPU_EXHAUSTION,VNF_CPU_EXHAUSTION,0.6499999999999999,,False,"Zero-shot heuristic, no retrieval"
win-02099,FRONTHAUL_JITTER,FRONTHAUL_JITTER,0.6499999999999999,,False,"Zero-shot heuristic, no retrieval"
win-00375,VNF_CPU_EXHAUSTION,FRONTHAUL_JITTER,0.95,,False,"Zero-shot heuristic, no retrieval"
win-02163,S1_NG_INTERFACE_FLAP,PCI_COLLISION,0.95,,False,"Zero-shot heuristic, no retrieval"
win-00133,FRONTHAUL_JITTER,FRONTHAUL_JITTER,0.95,,False,"Zero-shot heuristic, no retrieval"
win-02206,NEIGHBOR_LIST_MISCONFIG,NEIGHBOR_LIST_MISCONFIG,0.95,,False,"Zero-shot heuristic, no retrieval"
win-00539,PCI_COLLISION,PCI_COLLISION,0.55,,False,"Zero-shot heuristic, no retrieval"
win-00495,SLICE_QOS_POLICY_ERROR,PCI_COLLISION,0.35,,False,"Zero-shot heuristic, no retrieval"
win-03617,CONFIG_ROLLBACK_REQUIRED,VNF_CPU_EXHAUSTION,0.55,,False,"Zero-shot heuristic, no retrieval"
win-00412,CONFIG_ROLLBACK_REQUIRED,PCI_COLLISION,0.95,,False,"Zero-shot heuristic, no retrieval"
win-01544,SLICE_QOS_POLICY_ERROR,BACKHAUL_CONGESTION,0.95,,False,"Zero-shot heuristic, no retrieval"
win-01550,HARDWARE_DEGRADATION,HARDWARE_DEGRADATION,0.6499999999999999,,False,"Zero-shot heuristic, no retrieval"
win-01848,TIMING_SYNC_LOSS,PCI_COLLISION,0.35,,False,"Zero-shot heuristic, no retrieval"
win-03629,DNS_RESOLUTION_FAILURE,DNS_RESOLUTION_FAILURE,0.95,,False,"Zero-shot heuristic, no retrieval"
win-00710,HARDWARE_DEGRADATION,POWER_AMPLIFIER_FAULT,0.95,,False,"Zero-shot heuristic, no retrieval"
win-01791,POWER_AMPLIFIER_FAULT,BACKHAUL_CONGESTION,0.95,,False,"Zero-shot heuristic, no retrieval"
win-00727,FRONTHAUL_JITTER,FRONTHAUL_JITTER,0.95,,False,"Zero-shot heuristic, no retrieval"
win-02563,FRONTHAUL_JITTER,OVERLOAD_ADMISSION_CONTROL,0.95,,False,"Zero-shot heuristic, no retrieval"
win-03069,VNF_CPU_EXHAUSTION,VNF_CPU_EXHAUSTION,0.95,,False,"Zero-shot heuristic, no retrieval"
win-01805,BACKHAUL_CONGESTION,BACKHAUL_CONGESTION,0.6499999999999999,,False,"Zero-shot heuristic, no retrieval"
win-02931,HARDWARE_DEGRADATION,HARDWARE_DEGRADATION,0.6499999999999999,,False,"Zero-shot heuristic, no retrieval"
win-02252,CONFIG_ROLLBACK_REQUIRED,CONFIG_ROLLBACK_REQUIRED,0.6499999999999999,,False,"Zero-shot heuristic, no retrieval"
win-02322,NEIGHBOR_LIST_MISCONFIG,PCI_COLLISION,0.35,,False,"Zero-shot heuristic, no retrieval"
win-03636,FRONTHAUL_JITTER,FRONTHAUL_JITTER,0.95,,False,"Zero-shot heuristic, no retrieval"
win-00061,HARDWARE_DEGRADATION,PCI_COLLISION,0.35,,False,"Zero-shot heuristic, no retrieval"
win-00192,PCI_COLLISION,PCI_COLLISION,0.6499999999999999,,False,"Zero-shot heuristic, no retrieval"
win-01589,TIMING_SYNC_LOSS,HARDWARE_DEGRADATION,0.6499999999999999,,False,"Zero-shot heuristic, no retrieval"
win-02669,TIMING_SYNC_LOSS,PCI_COLLISION,0.35,,False,"Zero-shot heuristic, no retrieval"
win-03500,HANDOVER_PARAM_MISCONFIG,HANDOVER_PARAM_MISCONFIG,0.6499999999999999,,False,"Zero-shot heuristic, no retrieval"
win-00166,COOLING_SYSTEM_FAILURE,HARDWARE_DEGRADATION,0.6499999999999999,,False,"Zero-shot heuristic, no retrieval"
win-02848,CONFIG_ROLLBACK_REQUIRED,INTERFERENCE_SPIKE,0.55,,False,"Zero-shot heuristic, no retrieval"
win-01639,FRONTHAUL_JITTER,NEIGHBOR_LIST_MISCONFIG,0.6499999999999999,,False,"Zero-shot heuristic, no retrieval"
win-01151,BACKHAUL_CONGESTION,BACKHAUL_CONGESTION,0.75,,False,"Zero-shot heuristic, no retrieval"
win-02556,OVERLOAD_ADMISSION_CONTROL,PCI_COLLISION,0.35,,False,"Zero-shot heuristic, no retrieval"
win-02618,NEIGHBOR_LIST_MISCONFIG,PCI_COLLISION,0.35,,False,"Zero-shot heuristic, no retrieval"
win-03956,COOLING_SYSTEM_FAILURE,HARDWARE_DEGRADATION,0.6499999999999999,,False,"Zero-shot heuristic, no retrieval"
win-01340,HARDWARE_DEGRADATION,PCI_COLLISION,0.6499999999999999,,False,"Zero-shot heuristic, no retrieval"
win-00847,PCI_COLLISION,PCI_COLLISION,0.95,,False,"Zero-shot heuristic, no retrieval"
win-01249,HANDOVER_PARAM_MISCONFIG,PCI_COLLISION,0.35,,False,"Zero-shot heuristic, no retrieval"
win-02140,OVERLOAD_ADMISSION_CONTROL,BACKHAUL_CONGESTION,0.95,,False,"Zero-shot heuristic, no retrieval"
win-01101,FRONTHAUL_JITTER,FRONTHAUL_JITTER,0.95,,False,"Zero-shot heuristic, no retrieval"
win-03032,OVERLOAD_ADMISSION_CONTROL,BACKHAUL_CONGESTION,0.95,,False,"Zero-shot heuristic, no retrieval"
win-03790,FRONTHAUL_JITTER,FRONTHAUL_JITTER,0.95,,False,"Zero-shot heuristic, no retrieval"
win-03650,PCI_COLLISION,PCI_COLLISION,0.6499999999999999,,False,"Zero-shot heuristic, no retrieval"
win-01887,POWER_AMPLIFIER_FAULT,POWER_AMPLIFIER_FAULT,0.95,,False,"Zero-shot heuristic, no retrieval"
win-03524,FRONTHAUL_JITTER,FRONTHAUL_JITTER,0.95,,False,"Zero-shot heuristic, no retrieval"
win-03503,NEIGHBOR_LIST_MISCONFIG,NEIGHBOR_LIST_MISCONFIG,0.95,,False,"Zero-shot heuristic, no retrieval"
win-00506,HANDOVER_PARAM_MISCONFIG,VNF_CPU_EXHAUSTION,0.6499999999999999,,False,"Zero-shot heuristic, no retrieval"
win-02158,POWER_AMPLIFIER_FAULT,VNF_CPU_EXHAUSTION,0.6499999999999999,,False,"Zero-shot heuristic, no retrieval"
win-01659,OVERLOAD_ADMISSION_CONTROL,POWER_AMPLIFIER_FAULT,0.95,,False,"Zero-shot heuristic, no retrieval"
win-01804,POWER_AMPLIFIER_FAULT,PCI_COLLISION,0.35,,False,"Zero-shot heuristic, no retrieval"
win-00923,VNF_CPU_EXHAUSTION,POWER_AMPLIFIER_FAULT,0.95,,False,"Zero-shot heuristic, no retrieval"
win-00795,FRONTHAUL_JITTER,NEIGHBOR_LIST_MISCONFIG,0.55,,False,"Zero-shot heuristic, no retrieval"
win-03334,CONFIG_ROLLBACK_REQUIRED,CONFIG_ROLLBACK_REQUIRED,0.95,,False,"Zero-shot heuristic, no retrieval"
win-00960,S1_NG_INTERFACE_FLAP,POWER_AMPLIFIER_FAULT,0.6499999999999999,,False,"Zero-shot heuristic, no retrieval"
win-01702,NEIGHBOR_LIST_MISCONFIG,NEIGHBOR_LIST_MISCONFIG,0.95,,False,"Zero-shot heuristic, no retrieval"
win-03660,DNS_RESOLUTION_FAILURE,POWER_AMPLIFIER_FAULT,0.95,,False,"Zero-shot heuristic, no retrieval"
win-03113,OVERLOAD_ADMISSION_CONTROL,OVERLOAD_ADMISSION_CONTROL,0.95,,False,"Zero-shot heuristic, no retrieval"
win-00064,COOLING_SYSTEM_FAILURE,HARDWARE_DEGRADATION,0.55,,False,"Zero-shot heuristic, no retrieval"
win-00172,TIMING_SYNC_LOSS,TIMING_SYNC_LOSS,0.95,,False,"Zero-shot heuristic, no retrieval"
win-02545,HANDOVER_PARAM_MISCONFIG,BACKHAUL_CONGESTION,0.6499999999999999,,False,"Zero-shot heuristic, no retrieval"
win-00533,OVERLOAD_ADMISSION_CONTROL,OVERLOAD_ADMISSION_CONTROL,0.95,,False,"Zero-shot heuristic, no retrieval"
win-02244,COOLING_SYSTEM_FAILURE,BACKHAUL_CONGESTION,0.6499999999999999,,False,"Zero-shot heuristic, no retrieval"
win-03064,HARDWARE_DEGRADATION,INTERFERENCE_SPIKE,0.95,,False,"Zero-shot heuristic, no retrieval"
win-03928,VNF_CPU_EXHAUSTION,VNF_CPU_EXHAUSTION,0.95,,False,"Zero-shot heuristic, no retrieval"
win-01685,HARDWARE_DEGRADATION,HARDWARE_DEGRADATION,0.95,,False,"Zero-shot heuristic, no retrieval"
win-02150,COOLING_SYSTEM_FAILURE,HANDOVER_PARAM_MISCONFIG,0.55,,False,"Zero-shot heuristic, no retrieval"
win-02612,NEIGHBOR_LIST_MISCONFIG,NEIGHBOR_LIST_MISCONFIG,0.95,,False,"Zero-shot heuristic, no retrieval"
win-01065,COOLING_SYSTEM_FAILURE,HARDWARE_DEGRADATION,0.6499999999999999,,False,"Zero-shot heuristic, no retrieval"
win-01290,HARDWARE_DEGRADATION,PCI_COLLISION,0.35,,False,"Zero-shot heuristic, no retrieval"
win-00008,TIMING_SYNC_LOSS,NEIGHBOR_LIST_MISCONFIG,0.6499999999999999,,False,"Zero-shot heuristic, no retrieval"
win-03537,NEIGHBOR_LIST_MISCONFIG,PCI_COLLISION,0.35,,False,"Zero-shot heuristic, no retrieval"
win-00721,FRONTHAUL_JITTER,HARDWARE_DEGRADATION,0.6499999999999999,,False,"Zero-shot heuristic, no retrieval"
win-03587,FRONTHAUL_JITTER,TIMING_SYNC_LOSS,0.6499999999999999,,False,"Zero-shot heuristic, no retrieval"
win-01635,HARDWARE_DEGRADATION,BACKHAUL_CONGESTION,0.95,,False,"Zero-shot heuristic, no retrieval"
win-01884,HANDOVER_PARAM_MISCONFIG,HANDOVER_PARAM_MISCONFIG,0.95,,False,"Zero-shot heuristic, no retrieval"
win-00460,HANDOVER_PARAM_MISCONFIG,VNF_CPU_EXHAUSTION,0.6499999999999999,,False,"Zero-shot heuristic, no retrieval"
win-00391,S1_NG_INTERFACE_FLAP,PCI_COLLISION,0.35,,False,"Zero-shot heuristic, no retrieval"
win-02236,NEIGHBOR_LIST_MISCONFIG,PCI_COLLISION,0.35,,False,"Zero-shot heuristic, no retrieval"
win-01942,SLICE_QOS_POLICY_ERROR,SLICE_QOS_POLICY_ERROR,0.95,,False,"Zero-shot heuristic, no retrieval"
win-01508,S1_NG_INTERFACE_FLAP,INTERFERENCE_SPIKE,0.6499999999999999,,False,"Zero-shot heuristic, no retrieval"
win-01510,BACKHAUL_CONGESTION,BACKHAUL_CONGESTION,0.6499999999999999,,False,"Zero-shot heuristic, no retrieval"
win-03866,NEIGHBOR_LIST_MISCONFIG,NEIGHBOR_LIST_MISCONFIG,0.95,,False,"Zero-shot heuristic, no retrieval"
win-03417,COOLING_SYSTEM_FAILURE,HARDWARE_DEGRADATION,0.6499999999999999,,False,"Zero-shot heuristic, no retrieval"
win-01902,INTERFERENCE_SPIKE,INTERFERENCE_SPIKE,0.6499999999999999,,False,"Zero-shot heuristic, no retrieval"
win-03840,OVERLOAD_ADMISSION_CONTROL,COOLING_SYSTEM_FAILURE,0.95,,False,"Zero-shot heuristic, no retrieval"
win-02463,NEIGHBOR_LIST_MISCONFIG,HANDOVER_PARAM_MISCONFIG,0.95,,False,"Zero-shot heuristic, no retrieval"
win-03920,S1_NG_INTERFACE_FLAP,S1_NG_INTERFACE_FLAP,0.95,,False,"Zero-shot heuristic, no retrieval"
win-02051,CONFIG_ROLLBACK_REQUIRED,CONFIG_ROLLBACK_REQUIRED,0.95,,False,"Zero-shot heuristic, no retrieval"
win-00293,OVERLOAD_ADMISSION_CONTROL,BACKHAUL_CONGESTION,0.6499999999999999,,False,"Zero-shot heuristic, no retrieval"
win-02896,FRONTHAUL_JITTER,S1_NG_INTERFACE_FLAP,0.6499999999999999,,False,"Zero-shot heuristic, no retrieval"
win-00540,FRONTHAUL_JITTER,CONFIG_ROLLBACK_REQUIRED,0.95,,False,"Zero-shot heuristic, no retrieval"
win-02521,OVERLOAD_ADMISSION_CONTROL,OVERLOAD_ADMISSION_CONTROL,0.95,,False,"Zero-shot heuristic, no retrieval"
win-00237,FRONTHAUL_JITTER,HARDWARE_DEGRADATION,0.6499999999999999,,False,"Zero-shot heuristic, no retrieval"
win-02768,DNS_RESOLUTION_FAILURE,PCI_COLLISION,0.35,,False,"Zero-shot heuristic, no retrieval"
win-01083,TIMING_SYNC_LOSS,TIMING_SYNC_LOSS,0.95,,False,"Zero-shot heuristic, no retrieval"
win-01476,HARDWARE_DEGRADATION,HARDWARE_DEGRADATION,0.95,,False,"Zero-shot heuristic, no retrieval"
win-02627,HARDWARE_DEGRADATION,HARDWARE_DEGRADATION,0.55,,False,"Zero-shot heuristic, no retrieval"
win-03678,COOLING_SYSTEM_FAILURE,HANDOVER_PARAM_MISCONFIG,0.55,,False,"Zero-shot heuristic, no retrieval"
win-01021,INTERFERENCE_SPIKE,BACKHAUL_CONGESTION,0.95,,False,"Zero-shot heuristic, no retrieval"
win-01520,SLICE_QOS_POLICY_ERROR,TIMING_SYNC_LOSS,0.95,,False,"Zero-shot heuristic, no retrieval"
win-02628,HANDOVER_PARAM_MISCONFIG,HANDOVER_PARAM_MISCONFIG,0.6499999999999999,,False,"Zero-shot heuristic, no retrieval"
win-00224,VNF_CPU_EXHAUSTION,PCI_COLLISION,0.35,,False,"Zero-shot heuristic, no retrieval"
win-02980,HARDWARE_DEGRADATION,HARDWARE_DEGRADATION,0.95,,False,"Zero-shot heuristic, no retrieval"
win-03481,VNF_CPU_EXHAUSTION,VNF_CPU_EXHAUSTION,0.55,,False,"Zero-shot heuristic, no retrieval"
win-03076,INTERFERENCE_SPIKE,PCI_COLLISION,0.35,,False,"Zero-shot heuristic, no retrieval"
win-02816,VNF_CPU_EXHAUSTION,VNF_CPU_EXHAUSTION,0.95,,False,"Zero-shot heuristic, no retrieval"
win-01997,NEIGHBOR_LIST_MISCONFIG,NEIGHBOR_LIST_MISCONFIG,0.6499999999999999,,False,"Zero-shot heuristic, no retrieval"
win-02639,HANDOVER_PARAM_MISCONFIG,PCI_COLLISION,0.35,,False,"Zero-shot heuristic, no retrieval"
win-03366,BACKHAUL_CONGESTION,BACKHAUL_CONGESTION,0.95,,False,"Zero-shot heuristic, no retrieval"
win-00014,CONFIG_ROLLBACK_REQUIRED,CONFIG_ROLLBACK_REQUIRED,0.95,,False,"Zero-shot heuristic, no retrieval"
win-03213,TIMING_SYNC_LOSS,TIMING_SYNC_LOSS,0.95,,False,"Zero-shot heuristic, no retrieval"
win-02076,HANDOVER_PARAM_MISCONFIG,PCI_COLLISION,0.35,,False,"Zero-shot heuristic, no retrieval"
win-03303,OVERLOAD_ADMISSION_CONTROL,OVERLOAD_ADMISSION_CONTROL,0.95,,False,"Zero-shot heuristic, no retrieval"
win-00156,CONFIG_ROLLBACK_REQUIRED,PCI_COLLISION,0.35,,False,"Zero-shot heuristic, no retrieval"
win-02605,TIMING_SYNC_LOSS,TIMING_SYNC_LOSS,0.95,,False,"Zero-shot heuristic, no retrieval"
win-00036,DNS_RESOLUTION_FAILURE,TIMING_SYNC_LOSS,0.6499999999999999,,False,"Zero-shot heuristic, no retrieval"
win-01018,S1_NG_INTERFACE_FLAP,S1_NG_INTERFACE_FLAP,0.95,,False,"Zero-shot heuristic, no retrieval"
win-03811,HARDWARE_DEGRADATION,HARDWARE_DEGRADATION,0.6499999999999999,,False,"Zero-shot heuristic, no retrieval"
win-01184,HANDOVER_PARAM_MISCONFIG,HANDOVER_PARAM_MISCONFIG,0.55,,False,"Zero-shot heuristic, no retrieval"
win-01467,NEIGHBOR_LIST_MISCONFIG,BACKHAUL_CONGESTION,0.55,,False,"Zero-shot heuristic, no retrieval"
win-00549,PCI_COLLISION,HARDWARE_DEGRADATION,0.95,,False,"Zero-shot heuristic, no retrieval"
win-00497,CONFIG_ROLLBACK_REQUIRED,CONFIG_ROLLBACK_REQUIRED,0.95,,False,"Zero-shot heuristic, no retrieval"
win-03414,HARDWARE_DEGRADATION,HARDWARE_DEGRADATION,0.6499999999999999,,False,"Zero-shot heuristic, no retrieval"
win-01741,VNF_CPU_EXHAUSTION,VNF_CPU_EXHAUSTION,0.95,,False,"Zero-shot heuristic, no retrieval"
win-01348,DNS_RESOLUTION_FAILURE,PCI_COLLISION,0.35,,False,"Zero-shot heuristic, no retrieval"
win-01505,HARDWARE_DEGRADATION,HARDWARE_DEGRADATION,0.6499999999999999,,False,"Zero-shot heuristic, no retrieval"
win-01470,PCI_COLLISION,PCI_COLLISION,0.95,,False,"Zero-shot heuristic, no retrieval"
win-02347,SLICE_QOS_POLICY_ERROR,POWER_AMPLIFIER_FAULT,0.6499999999999999,,False,"Zero-shot heuristic, no retrieval"
win-00696,NEIGHBOR_LIST_MISCONFIG,PCI_COLLISION,0.35,,False,"Zero-shot heuristic, no retrieval"
win-00756,FRONTHAUL_JITTER,SLICE_QOS_POLICY_ERROR,0.6499999999999999,,False,"Zero-shot heuristic, no retrieval"
win-02074,BACKHAUL_CONGESTION,BACKHAUL_CONGESTION,0.75,,False,"Zero-shot heuristic, no retrieval"
win-00912,BACKHAUL_CONGESTION,BACKHAUL_CONGESTION,0.75,,False,"Zero-shot heuristic, no retrieval"
win-01772,BACKHAUL_CONGESTION,BACKHAUL_CONGESTION,0.6499999999999999,,False,"Zero-shot heuristic, no retrieval"
win-00598,COOLING_SYSTEM_FAILURE,POWER_AMPLIFIER_FAULT,0.6499999999999999,,False,"Zero-shot heuristic, no retrieval"
win-01766,DNS_RESOLUTION_FAILURE,BACKHAUL_CONGESTION,0.6499999999999999,,False,"Zero-shot heuristic, no retrieval"
win-00041,INTERFERENCE_SPIKE,COOLING_SYSTEM_FAILURE,0.95,,False,"Zero-shot heuristic, no retrieval"
win-00383,POWER_AMPLIFIER_FAULT,PCI_COLLISION,0.55,,False,"Zero-shot heuristic, no retrieval"
win-02362,FRONTHAUL_JITTER,PCI_COLLISION,0.35,,False,"Zero-shot heuristic, no retrieval"
